symbol,name,listing_date,sector,industry,basic_industry,market_cap,outstanding_shares
20MICRONS,20 Microns Limited,06-OCT-2008,Metals & Mining,Minerals & Mining,Industrial Minerals,629.69,42007340
21STCENMGM,21st Century Management Services Limited,03-MAY-1995,Financial Services,Capital Markets,Other Capital Market related Services,38.27,13278973
360ONE,360 ONE WAM LIMITED,19-SEP-2019,Financial Services,Capital Markets,Stockbroking & Allied,42337.99,456002144
3IINFOLTD,3i Infotech Limited,22-OCT-2021,Information Technology,IT - Software,Computers - Software & Consulting,367.73,247963589
3MINDIA,3M India Limited,13-AUG-2004,Diversified,Diversified,Diversified,37901.01,12746262
3PLAND,3P Land Holdings Limited,19-JUL-1995,Financial Services,Finance,Investment Company,64.78,19944582
5PAISA,5Paisa Capital Limited,16-NOV-2017,Financial Services,Capital Markets,Stockbroking & Allied,1589.96,55713784
63MOONS,63 moons technologies limited,20-JUN-2005,Information Technology,IT - Software,Computers - Software & Consulting,3331.25,67209725
A2ZINFRA,A2Z Infra Engineering Limited,23-DEC-2010,Construction,Construction,Civil Construction,300.99,189779323
AAATECH,AAA Technologies Limited,28-NOV-2022,Services,Commercial Services & Supplies,Consulting Services,126.69,13739291
AADHARHFC,Aadhar Housing Finance Limited,15-MAY-2024,Financial Services,Finance,Housing Finance Company,21512.87,489930988
AAKASH,Aakash Exploration Services Limited,29-SEP-2020,"Oil, Gas & Consumable Fuels",Oil,Offshore Support Solution Drilling,82.92,103134329
AAREYDRUGS,Aarey Drugs & Pharmaceuticals Limited,06-AUG-2021,Healthcare,Pharmaceuticals & Biotechnology,Pharmaceuticals,260.97,48588718
AARON,Aaron Industries Limited,06-NOV-2020,Capital Goods,Industrial Manufacturing,Industrial Products,293.69,21615516
AARTECH,Aartech Solonics Limited,10-JUL-2023,Capital Goods,Electrical Equipment,Heavy Electrical Equipment,154.09,39765161
AARTIDRUGS,Aarti Drugs Limited,19-SEP-2003,Healthcare,Pharmaceuticals & Biotechnology,Pharmaceuticals,3484.69,98800394
AARTIIND,Aarti Industries Limited,08-FEB-1995,Chemicals,Chemicals & Petrochemicals,Specialty Chemicals,17721.81,433614129
AARTIPHARM,Aarti Pharmalabs Limited,30-JAN-2023,Healthcare,Pharmaceuticals & Biotechnology,Pharmaceuticals,6461.63,100079451
AARTISURF,Aarti Surfactants Limited,14-JUL-2020,Chemicals,Chemicals & Petrochemicals,Specialty Chemicals,344.1,9459794
AARVI,Aarvi Encon Limited,24-JUN-2020,Services,Commercial Services & Supplies,Diversified Commercial Services,192.54,15307680
AAVAS,Aavas Financiers Limited,08-OCT-2018,Financial Services,Finance,Housing Finance Company,10979.87,96433078
ABAN,Aban Offshore Limited,29-MAR-1995,"Oil, Gas & Consumable Fuels",Oil,Offshore Support Solution Drilling,105.35,47605063
ABB,ABB India Limited,08-FEB-1995,Capital Goods,Electrical Equipment,Heavy Electrical Equipment,157458.52,257412106
ABBOTINDIA,Abbott India Limited,08-JAN-2010,Healthcare,Pharmaceuticals & Biotechnology,Pharmaceuticals,54028.13,20554738
ABCAPITAL,Aditya Birla Capital Limited,01-SEP-2017,Financial Services,Finance,Investment Company,89765.99,3009756580
ABCOTS,A B Cotspin India Limited,24-SEP-2025,Textiles,Textiles & Apparels,Other Textile Products,546.24,13520792
ABDL,Allied Blenders and Distillers Limited,02-JUL-2024,Fast Moving Consumer Goods,Beverages,Breweries & Distilleries,15511.33,365962717
ABFRL,Aditya Birla Fashion and Retail Limited,17-JUL-2013,Consumer Services,Retailing,Speciality Retail,7801.5,1353017693
ABINFRA,A B Infrabuild Limited,08-NOV-2024,Construction,Construction,Civil Construction,1016.31,628515767
ABLBL,Aditya Birla Lifestyle Brands Limited,23-JUN-2025,Consumer Services,Retailing,Speciality Retail,12918.0,1382047698
ABMINTLLTD,ABM International Limited,09-SEP-2021,Services,Commercial Services & Supplies,Trading & Distributors,41.19,9617090
ABREL,Aditya Birla Real Estate Limited,27-JUN-2003,Realty,Realty,"Residential, Commercial Projects",16405.86,143332696
ABSLAMC,Aditya Birla Sun Life AMC Limited,11-OCT-2021,Financial Services,Capital Markets,Asset Management Company,30800.32,335826410
ACC,ACC Limited,20-NOV-1996,Construction Materials,Cement & Cement Products,Cement & Cement Products,27037.61,203918919
ACCELYA,Accelya Solutions India Limited,01-DEC-1999,Information Technology,IT - Software,Computers - Software & Consulting,1763.84,15379196
ACCURACY,Accuracy Shipping Limited,11-DEC-2020,Services,Transport Services,Logistics Solution Provider,76.48,199686688
ACE,Action Construction Equipment Limited,26-SEP-2006,Capital Goods,"Agricultural, Commercial & Construction Vehicles",Construction Vehicles,10913.38,133480679
ACEINTEG,Ace Integrated Solutions Limited,04-NOV-2022,Services,Commercial Services & Supplies,Diversified Commercial Services,20.43,12404372
ACI,Archean Chemical Industries Limited,21-NOV-2022,Chemicals,Chemicals & Petrochemicals,Specialty Chemicals,7430.96,127264252
ACL,Andhra Cements Limited,10-MAY-2023,Construction Materials,Cement & Cement Products,Cement & Cement Products,519.39,115522689
ACMESOLAR,Acme Solar Holdings Limited,13-NOV-2024,Power,Power,Power Generation,18736.65,682200998
ACUTAAS,Acutaas Chemicals Limited,14-SEP-2021,Healthcare,Pharmaceuticals & Biotechnology,Pharmaceuticals,20423.57,96784999
ADANIENSOL,Adani Energy Solutions Limited,31-JUL-2015,Power,Power,Power Distribution,172480.16,1831777448
ADANIENT,Adani Enterprises Limited,04-JUN-1997,Metals & Mining,Metals & Minerals Trading,Trading - Minerals,302043.95,1646734042
ADANIGREEN,Adani Green Energy Limited,18-JUN-2018,Power,Power,Power Generation,202553.25,2366276285
ADANIPORTS,Adani Ports and Special Economic Zone Limited,27-NOV-2007,Services,Transport Infrastructure,Port & Port services,375199.74,2723575397
ADANIPOWER,Adani Power Limited,20-AUG-2009,Power,Power,Integrated Power Utilities,420502.77,26286351615
ADFFOODS,ADF Foods Limited,15-SEP-2010,Fast Moving Consumer Goods,Food Products,Packaged Foods,2937.97,165100874
ADL,Archidply Decor Limited,01-OCT-2020,Consumer Durables,Consumer Durables,Plywood Boards/ Laminates,41.78,6876235
ADOR,Ador Welding Limited,10-MAY-1995,Capital Goods,Industrial Products,Other Industrial Products,1773.96,20419683
ADROITINFO,Adroit Infotech Limited,13-AUG-1997,Information Technology,IT - Services,IT Enabled Services,53.96,60089090
ADSL,Allied Digital Services Limited,25-JUL-2007,Information Technology,IT - Services,IT Enabled Services,665.59,67204159
ADVAIT,Advait Energy Transitions Limited,20-JAN-2026,Capital Goods,Industrial Products,Cables - Electricals,2306.58,12954676
ADVANCE,Advance Agrolife Limited,08-OCT-2025,Chemicals,Fertilizers & Agrochemicals,Pesticides & Agrochemicals,741.73,77038846
ADVANIHOTR,Advani Hotels & Resorts (India) Limited,25-JUN-2007,Consumer Services,Leisure Services,Hotels & Resorts,506.93,101244259
ADVENTHTL,Advent Hotels International Limited,13-NOV-2025,Consumer Services,Leisure Services,Hotels & Resorts,842.64,59617944
ADVENZYMES,Advanced Enzyme Technologies Limited,01-AUG-2016,Healthcare,Pharmaceuticals & Biotechnology,Biotechnology,3699.74,135770275
AEGISLOG,Aegis Logistics Limited,03-APR-1996,"Oil, Gas & Consumable Fuels",Gas,Trading - Gas,25358.0,430343657
AEGISVOPAK,Aegis Vopak Terminals Limited,02-JUN-2025,"Oil, Gas & Consumable Fuels",Oil,Oil Storage & Transportation,21971.47,1295182155
AEQUS,Aequs Limited,10-DEC-2025,Capital Goods,Aerospace & Defense,Aerospace & Defense,13894.18,1124488530
AEROENTER,Aeroflex Enterprises Limited,21-NOV-2022,Capital Goods,Industrial Products,Iron & Steel Products,1039.82,145571888
AEROFLEX,Aeroflex Industries Limited,31-AUG-2023,Capital Goods,Industrial Products,Iron & Steel Products,3902.43,154374386
AERONEU,Aeroflex Neu Limited,12-JAN-2023,Capital Goods,Industrial Products,Packaging,202.03,25383843
AETHER,Aether Industries Limited,03-JUN-2022,Chemicals,Chemicals & Petrochemicals,Specialty Chemicals,15317.94,138824902
AFCONS,Afcons Infrastructure Limited,04-NOV-2024,Construction,Construction,Civil Construction,11612.8,409333786
AFFLE,Affle 3i Limited,08-AUG-2019,Information Technology,IT - Services,IT Enabled Services,20443.64,143807262
AFFORDABLE,Affordable Robotic & Automation Limited,23-OCT-2024,Capital Goods,Industrial Manufacturing,Industrial Products,202.76,14051282
AFIL,Akme Fintrade (India) Limited,26-JUN-2024,Financial Services,Finance,Non Banking Financial Company (NBFC),384.5,477639740
AFSL,Abans Financial Services Limited,23-DEC-2022,Financial Services,Finance,Holding Company,1031.04,51290418
AGARIND,Agarwal Industrial Corporation Limited,26-MAY-2014,Chemicals,Chemicals & Petrochemicals,Petrochemicals,663.68,17281084
AGARWALEYE,Dr. Agarwal's Health Care Limited,04-FEB-2025,Healthcare,Healthcare Services,Hospital,14019.04,336188010
AGI,AGI Greenpac Limited,31-MAY-2000,Capital Goods,Industrial Products,Packaging,3654.76,72666466
AGIIL,Agi Infra Limited,15-JUL-2024,Realty,Realty,"Residential, Commercial Projects",4514.28,151766005
AGRITECH,Agri-Tech (India) Limited,28-JAN-2014,Fast Moving Consumer Goods,Agricultural Food & other Products,Other Agricultural Products,68.57,6427031
AGROPHOS,Agro Phos India Limited,08-MAR-2019,Chemicals,Fertilizers & Agrochemicals,Fertilizers,66.13,23745063
AGSTRA,AGS Transact Technologies Limited,31-JAN-2022,Financial Services,Financial Technology (Fintech),Financial Technology (Fintech),34.93,133831423
AHCL,Anlon Healthcare Limited,03-SEP-2025,Healthcare,Pharmaceuticals & Biotechnology,Pharmaceuticals,761.66,673141872
AHLADA,Ahlada Engineers Limited,28-JAN-2021,Consumer Durables,Consumer Durables,"Furniture, Home Furnishing",59.15,16977612
AHLEAST,Asian Hotels (East) Limited,11-AUG-2010,Consumer Services,Leisure Services,Hotels & Resorts,290.5,19145852
AHLUCONT,Ahluwalia Contracts (India) Limited,14-DEC-2009,Construction,Construction,Civil Construction,5837.3,84074609
AIAENG,AIA Engineering Limited,14-DEC-2005,Capital Goods,Industrial Products,Castings & Forgings,37581.05,102233542
AIIL,Authum Investment & Infrastructure Limited,23-APR-2024,Financial Services,Finance,Non Banking Financial Company (NBFC),41429.47,987121010
AIRAN,Airan Limited,03-MAY-2019,Information Technology,IT - Services,IT Enabled Services,219.79,146918449
AIROLAM,Airo Lam limited,13-OCT-2021,Consumer Durables,Consumer Durables,Plywood Boards/ Laminates,126.66,15012445
AJANTPHARM,Ajanta Pharma Limited,29-MAY-2000,Healthcare,Pharmaceuticals & Biotechnology,Pharmaceuticals,35071.93,125651801
AJAXENGG,Ajax Engineering Limited,17-FEB-2025,Capital Goods,"Agricultural, Commercial & Construction Vehicles",Construction Vehicles,5964.03,136165068
AJMERA,Ajmera Realty & Infra India Limited,16-JUN-2009,Realty,Realty,"Residential, Commercial Projects",2480.22,228192101
AJOONI,Ajooni Biotech Limited,07-MAY-2021,Fast Moving Consumer Goods,Food Products,Animal Feed,72.17,178197522
AKASH,Akash Infra-Projects Limited,11-OCT-2019,Construction,Construction,Civil Construction,47.27,19238909
AKG,Akg Exim Limited,16-FEB-2021,Services,Commercial Services & Supplies,Trading & Distributors,37.18,35992256
AKI,AKI India Limited,06-APR-2023,Consumer Durables,Consumer Durables,Leather And Leather Products,52.84,116387666
AKSHAR,Akshar Spintex Limited,23-MAY-2022,Textiles,Textiles & Apparels,Other Textile Products,37.01,841136368
AKSHARCHEM,AksharChem India Limited,28-MAR-2017,Chemicals,Chemicals & Petrochemicals,Dyes And Pigments,160.89,9876612
AKSHOPTFBR,Aksh Optifibre Limited,18-AUG-2000,Telecommunic ation,Telecom - Equipment & Accessories,Telecom - Equipment & Accessories,101.2,220000005
AKUMS,Akums Drugs and Pharmaceuticals Limited,06-AUG-2024,Healthcare,Pharmaceuticals & Biotechnology,Pharmaceuticals,8362.34,167565178
ALANKIT,Alankit Limited,30-JUN-2015,Services,Commercial Services & Supplies,Diversified Commercial Services,250.82,317092294
ALBERTDAVD,Albert David Limited,14-JUN-2016,Healthcare,Pharmaceuticals & Biotechnology,Pharmaceuticals,407.01,6217690
ALEMBICLTD,Alembic Limited,22-SEP-1999,Realty,Realty,"Residential, Commercial Projects",2372.41,304662889
ALGOQUANT,Algoquant Fintech Limited,06-JAN-2026,Financial Services,Finance,Other Financial Services,1538.44,292924598
ALICON,Alicon Castalloy Limited,29-SEP-2006,Automobile and Auto Components,Auto Components,Auto Components & Equipments,1148.01,18689621
ALIVUS,Alivus Life Sciences Limited,06-AUG-2021,Healthcare,Pharmaceuticals & Biotechnology,Pharmaceuticals,12825.33,129601155
ALKALI,Alkali Metals Limited,06-NOV-2008,Chemicals,Chemicals & Petrochemicals,Specialty Chemicals,67.77,13187391
ALKEM,Alkem Laboratories Limited,23-DEC-2015,Healthcare,Pharmaceuticals & Biotechnology,Pharmaceuticals,63895.54,121520616
ALKYLAMINE,Alkyl Amines Chemicals Limited,26-NOV-2007,Chemicals,Chemicals & Petrochemicals,Specialty Chemicals,7854.7,59550417
ALLCARGO,Allcargo Logistics Limited,23-JUN-2006,Services,Transport Services,Logistics Solution Provider,1389.94,1800440463
ALLDIGI,Alldigi Tech Limited,09-MAY-2005,Services,Commercial Services & Supplies,Business Process Outsourcing (BPO)/ Knowledge Process Outsourcing (KPO),1285.51,16451369
ALLTIME,All Time Plastics Limited,14-AUG-2025,Consumer Durables,Consumer Durables,Houseware,1597.6,79183190
ALMONDZ,Almondz Global Securities Limited,16-JUN-2008,Financial Services,Capital Markets,Stockbroking & Allied,293.12,246941873
ALOKINDS,Alok Industries Limited,19-FEB-2020,Textiles,Textiles & Apparels,Other Textile Products,6906.65,5547510125
ALPA,Alpa Laboratories Limited,06-AUG-2007,Healthcare,Pharmaceuticals & Biotechnology,Pharmaceuticals,143.73,27773913
ALPHAGEO,Alphageo (India) Limited,11-MAY-2007,"Oil, Gas & Consumable Fuels",Oil,Offshore Support Solution Drilling,139.86,7574740
AMAGI,Amagi Media Labs Limited,21-JAN-2026,Information Technology,IT - Services,IT Enabled Services,8164.63,252931546
AMANTA,Amanta Healthcare Limited,09-SEP-2025,Healthcare,Pharmaceuticals & Biotechnology,Pharmaceuticals,522.76,48372351
AMBER,Amber Enterprises India Limited,30-JAN-2018,Consumer Durables,Consumer Durables,Household Appliances,28545.72,45444114
AMBICAAGAR,Ambica Agarbathies & Aroma industries Limited,29-JUN-2004,Fast Moving Consumer Goods,Household Products,Household Products,41.31,18351843
AMBIKCO,Ambika Cotton Mills Limited,29-JAN-2008,Textiles,Textiles & Apparels,Other Textile Products,831.38,6624542
AMBUJACEM,Ambuja Cements Limited,18-FEB-1998,Construction Materials,Cement & Cement Products,Cement & Cement Products,114425.83,2734516111
AMDIND,AMD Industries Limited,19-MAR-2007,Capital Goods,Industrial Products,Packaging,87.13,22660598
AMJLAND,Amj Land Holdings Limited,08-FEB-1995,Realty,Realty,"Residential, Commercial Projects",173.96,46965442
AMNPLST,Amines & Plasticizers Limited,10-NOV-2023,Chemicals,Chemicals & Petrochemicals,Commodity Chemicals,912.45,64823106
AMRUTANJAN,Amrutanjan Health Care Limited,02-JAN-2015,Healthcare,Pharmaceuticals & Biotechnology,Pharmaceuticals,1676.67,32834035
ANANDRATHI,Anand Rathi Wealth Limited,14-DEC-2021,Financial Services,Capital Markets,Financial Products Distributor,29542.89,92085563
ANANTRAJ,Anant Raj Limited,27-SEP-2006,Realty,Realty,"Residential, Commercial Projects",18026.24,399031323
ANDHRAPAP,ANDHRA PAPER LIMITED,13-MAY-2004,Forest Materials,"Paper, Forest & Jute Products",Paper & Paper Products,1343.83,223338880
ANDHRSUGAR,The Andhra Sugars Limited,01-NOV-1995,Chemicals,Chemicals & Petrochemicals,Commodity Chemicals,1341.26,182757870
ANGELONE,Angel One Limited,05-OCT-2020,Financial Services,Capital Markets,Stockbroking & Allied,29023.62,1205049585
ANIKINDS,Anik Industries Limited,21-MAY-2008,Services,Commercial Services & Supplies,Trading & Distributors,121.88,32949444
ANKITMETAL,Ankit Metal & Power Limited,14-MAR-2013,Metals & Mining,Ferrous Metals,Iron & Steel,22.86,162127663
ANMOL,Anmol India Limited,04-JUN-2021,"Oil, Gas & Consumable Fuels",Consumable Fuels,Trading - Coal,68.75,65289650
ANSALAPI,Ansal Properties & Infrastructure Limited,27-JAN-2006,Realty,Realty,"Residential, Commercial Projects",58.4,194019934
ANTELOPUS,Antelopus Selan Energy Limited,26-SEP-2006,"Oil, Gas & Consumable Fuels",Oil,Oil Exploration & Production,2286.08,38681557
ANTGRAPHIC,Antarctica Limited,31-DEC-1997,Capital Goods,Industrial Products,Packaging,13.64,179473686
ANTHEM,Anthem Biosciences Limited,21-JUL-2025,Healthcare,Pharmaceuticals & Biotechnology,Biotechnology,43237.92,654376390
ANUHPHR,Anuh Pharma Limited,20-DEC-2024,Healthcare,Pharmaceuticals & Biotechnology,Pharmaceuticals,827.05,112051216
ANUP,The Anup Engineering Limited,01-MAR-2019,Capital Goods,Industrial Manufacturing,Industrial Products,4437.97,25377229
ANURAS,Anupam Rasayan India Limited,24-MAR-2021,Chemicals,Chemicals & Petrochemicals,Specialty Chemicals,15193.06,120065273
APARINDS,Apar Industries Limited,12-JUL-2004,Capital Goods,Electrical Equipment,Other Electrical Equipment,48744.25,49577146
APCL,Anjani Portland Cement Limited,10-APR-2017,Construction Materials,Cement & Cement Products,Cement & Cement Products,339.98,31729351
APCOTEXIND,Apcotex Industries Limited,06-SEP-1995,Capital Goods,Industrial Products,Rubber,2071.72,58864041
APEX,Apex Frozen Foods Limited,04-SEP-2017,Fast Moving Consumer Goods,Food Products,Seafood,1481.88,39354138
APLAPOLLO,APL Apollo Tubes Limited,14-DEC-2011,Capital Goods,Industrial Products,Iron & Steel Products,55190.16,290596890
APLLTD,Alembic Pharmaceuticals Limited,20-SEP-2011,Healthcare,Pharmaceuticals & Biotechnology,Pharmaceuticals,15029.22,229034132
APOLLO,Apollo Micro Systems Limited,22-JAN-2018,Capital Goods,Aerospace & Defense,Aerospace & Defense,10761.29,545898125
APOLLOHOSP,Apollo Hospitals Enterprise Limited,10-JAN-1996,Healthcare,Healthcare Services,Hospital,112511.49,153756734
APOLLOPIPE,Apollo Pipes Limited,11-NOV-2019,Capital Goods,Industrial Products,Plastic Products - Industrial,1942.53,44660994
APOLLOTYRE,Apollo Tyres Limited,31-MAY-1995,Automobile and Auto Components,Auto Components,Tyres & Rubber Products,27217.25,664727053
APOLSINHOT,Apollo Sindoori Hotels Limited,28-JAN-2015,Consumer Services,Leisure Services,Hotels & Resorts,295.61,2931476
APTECHT,Aptech Limited,27-SEP-2002,Consumer Services,Other Consumer Services,Education,611.23,79494083
APTUS,Aptus Value Housing Finance India Limited,24-AUG-2021,Financial Services,Finance,Housing Finance Company,13047.85,654289947
ARCHIDPLY,Archidply Industries Limited,04-JUL-2008,Consumer Durables,Consumer Durables,Plywood Boards/ Laminates,154.23,22670881
ARCHIES,Archies Limited,02-SEP-1998,Consumer Durables,Consumer Durables,Leisure Products,48.95,35522497
ARE&M,Amara Raja Energy & Mobility Limited,05-SEP-2003,Automobile and Auto Components,Auto Components,Auto Components & Equipments,16071.46,220761813
ARENTERP,Rajdarshan Industries Limited,18-OCT-1995,Metals & Mining,Metals & Minerals Trading,Trading - Minerals,13.06,3649064
ARFIN,Arfin India Limited,22-JUL-2025,Metals & Mining,Non - Ferrous Metals,Aluminium,1625.64,213478656
ARIES,Aries Agro Limited,11-JAN-2008,Chemicals,Fertilizers & Agrochemicals,Fertilizers,497.35,14459950
ARIHANTCAP,Arihant Capital Markets Limited,15-JUN-2021,Financial Services,Capital Markets,Stockbroking & Allied,778.8,123072063
ARIHANTSUP,Arihant Superstructures Limited,28-MAR-2017,Realty,Realty,"Residential, Commercial Projects",1241.66,59634982
ARIS,Arisinfra Solutions Limited,25-JUN-2025,Construction Materials,Other Construction Materials,Other Construction Materials,1015.8,98125969
ARKADE,Arkade Developers Limited,24-SEP-2024,Realty,Realty,"Residential, Commercial Projects",2190.65,213368076
ARMANFIN,Arman Financial Services Limited,14-JUN-2016,Financial Services,Finance,Non Banking Financial Company (NBFC),1630.45,11041173
AROGRANITE,Aro Granite Industries Limited,24-APR-2007,Consumer Durables,Consumer Durables,Granites & Marbles,41.17,19346804
ARROWGREEN,Arrow Greentech Limited,21-MAY-2015,Capital Goods,Industrial Products,Packaging,833.91,15780301
ARSHIYA,Arshiya Limited,14-DEC-2009,Services,Transport Services,Logistics Solution Provider,35.31,267499989
ARSSBL,Anand Rathi Share and Stock Brokers Limited,30-SEP-2025,Financial Services,Capital Markets,Stockbroking & Allied,3664.35,81150484
ARTEMISMED,Artemis Medicare Services Limited,23-JAN-2020,Healthcare,Healthcare Services,Hospital,3881.19,173105119
ARTNIRMAN,Art Nirman Limited,18-OCT-2021,Realty,Realty,"Residential, Commercial Projects",112.28,32329399
ARVEE,Arvee Laboratories (India) Limited,22-MAR-2021,Chemicals,Chemicals & Petrochemicals,Specialty Chemicals,182.95,13260129
ARVIND,Arvind Limited,08-FEB-1995,Textiles,Textiles & Apparels,Garments & Apparels,10240.82,280378371
ARVINDFASN,Arvind Fashions Limited,08-MAR-2019,Consumer Services,Retailing,Speciality Retail,6048.45,138155554
ARVSMART,Arvind SmartSpaces Limited,26-AUG-2015,Realty,Realty,"Residential, Commercial Projects",2898.11,54883251
ASAHIINDIA,Asahi India Glass Limited,18-MAR-1998,Automobile and Auto Components,Auto Components,Auto Components & Equipments,21795.0,265275081
ASAHISONG,Asahi Songwon Colors Limited,29-AUG-2011,Chemicals,Chemicals & Petrochemicals,Dyes And Pigments,283.14,13713372
ASAL,Automotive Stampings and Assemblies Limited,12-MAR-2002,Automobile and Auto Components,Auto Components,Auto Components & Equipments,844.23,20545875
ASALCBR,Associated Alcohols & Breweries Ltd.,12-FEB-2020,Fast Moving Consumer Goods,Beverages,Breweries & Distilleries,1806.83,24938992
ASHAPURMIN,Ashapura Minechem Limited,20-SEP-1995,Metals & Mining,Minerals & Mining,Industrial Minerals,5943.63,121385277
ASHIANA,Ashiana Housing Limited,29-JUN-2011,Realty,Realty,"Residential, Commercial Projects",3373.61,110284736
ASHIMASYN,Ashima Limited,27-JUL-1995,Textiles,Textiles & Apparels,Other Textile Products,309.34,237405991
ASHOKA,Ashoka Buildcon Limited,14-OCT-2010,Construction,Construction,Civil Construction,3840.01,343103115
ASHOKAMET,Ashoka Metcast Limited,27-JUN-2023,Metals & Mining,Metals & Minerals Trading,Trading - Metals,42.24,31640449
ASHOKLEY,Ashok Leyland Limited,25-MAY-1995,Capital Goods,"Agricultural, Commercial & Construction Vehicles",Commercial Vehicles,99444.36,6699296575
ASIANENE,Asian Energy Services Limited,09-DEC-2021,"Oil, Gas & Consumable Fuels",Oil,Oil Equipment & Services,1411.29,54677854
ASIANHOTNR,Asian Hotels (North) Limited,07-APR-2010,Consumer Services,Leisure Services,Hotels & Resorts,1277.29,43526664
ASIANPAINT,Asian Paints Limited,31-MAY-1995,Consumer Durables,Consumer Durables,Paints,238379.83,1099031028
ASIANTILES,Asian Granito India Limited,23-AUG-2007,Consumer Durables,Consumer Durables,Ceramics,2298.28,398108439
ASKAUTOLTD,ASK Automotive Limited,15-NOV-2023,Automobile and Auto Components,Auto Components,Auto Components & Equipments,8586.55,196713631
ASMS,Bartronics India Limited,09-FEB-2023,Information Technology,IT - Services,IT Enabled Services,252.49,318398494
ASPINWALL,Aspinwall and Company Limited,14-JUN-2016,Services,Transport Services,Logistics Solution Provider,178.73,8463396
ASTEC,Astec LifeSciences Limited,25-NOV-2009,Chemicals,Fertilizers & Agrochemicals,Pesticides & Agrochemicals,1670.95,30772560
ASTERDM,Aster DM Healthcare Limited,26-FEB-2018,Healthcare,Healthcare Services,Hospital,37294.35,569179595
ASTRAL,Astral Limited,20-MAR-2007,Capital Goods,Industrial Products,Plastic Products - Industrial,41237.8,265450917
ASTRAMICRO,Astra Microwave Products Limited,01-NOV-2004,Capital Goods,Aerospace & Defense,Aerospace & Defense,10808.06,113452577
ASTRAZEN,AstraZeneca Pharma India Limited,04-MAY-2001,Healthcare,Pharmaceuticals & Biotechnology,Pharmaceuticals,21432.5,27381028
ASTRON,Astron Paper & Board Mill Limited,29-DEC-2017,Forest Materials,"Paper, Forest & Jute Products",Paper & Paper Products,20.55,56611568
ATALREAL,Atal Realtech Limited,12-MAY-2023,Realty,Realty,"Residential, Commercial Projects",313.27,128389346
ATAM,Atam Valves Limited,10-MAY-2023,Capital Goods,Industrial Manufacturing,Industrial Products,79.93,15406707
ATGL,Adani Total Gas Limited,05-NOV-2018,"Oil, Gas & Consumable Fuels",Gas,LPG/CNG/PNG/LN G Supplier,69903.93,1344177130
ATHERENERG,Ather Energy Limited,06-MAY-2025,Automobile and Auto Components,Automobiles,2/3 Wheelers,36017.2,472573625
ATL,Allcargo Terminals Limited,10-AUG-2023,Services,Transport Infrastructure,Port & Port services,689.93,296744086
ATLANTAA,ATLANTAA LIMITED,25-SEP-2006,Construction,Construction,Civil Construction,341.32,90415894
ATLANTAELE,Atlanta Electricals Limited,29-SEP-2025,Capital Goods,Electrical Equipment,Heavy Electrical Equipment,13961.35,115842603
ATLASCYCLE,Atlas Cycles (Haryana) Limited,23-OCT-1996,Consumer Durables,Consumer Durables,Cycles,67.15,7976954
ATUL,Atul Limited,06-MAY-1998,Chemicals,Chemicals & Petrochemicals,Specialty Chemicals,19725.98,31330972
ATULAUTO,Atul Auto Limited,26-JUN-2013,Capital Goods,"Agricultural, Commercial & Construction Vehicles",Commercial Vehicles,1364.11,33360480
AUBANK,AU Small Finance Bank Limited,10-JUL-2017,Financial Services,Banks,Other Bank,78053.82,898978635
AURIGROW,Auri Grow India Limited,24-DEC-2020,Capital Goods,Industrial Manufacturing,Industrial Products,54.62,2022962883
AURIONPRO,Aurionpro Solutions Limited,25-OCT-2005,Information Technology,IT - Software,Computers - Software & Consulting,4857.78,62757962
AUROPHARMA,Aurobindo Pharma Limited,19-JUL-2000,Healthcare,Pharmaceuticals & Biotechnology,Pharmaceuticals,82282.17,616946637
AURUM,Aurum PropTech Limited,19-AUG-2015,Information Technology,IT - Services,IT Enabled Services,1324.8,76728830
AUSOMENT,Ausom Enterprise Limited,17-APR-1996,Consumer Durables,Consumer Durables,"Gems, Jewellery And Watches",188.6,19451320
AUTOAXLES,Automotive Axles Limited,29-MAY-2003,Automobile and Auto Components,Auto Components,Auto Components & Equipments,2837.51,17102707
AUTOIND,Autoline Industries Limited,31-JAN-2007,Automobile and Auto Components,Auto Components,Auto Components & Equipments,302.43,54847661
AVADHSUGAR,Avadh Sugar & Energy Limited,28-JUL-2017,Fast Moving Consumer Goods,Agricultural Food & other Products,Sugar,951.68,20326356
AVALON,Avalon Technologies Limited,18-APR-2023,Capital Goods,Electrical Equipment,Other Electrical Equipment,7233.11,77140829
AVANTEL,Avantel Limited,31-JUL-2024,Capital Goods,Aerospace & Defense,Aerospace & Defense,4163.69,310514588
AVANTIFEED,Avanti Feeds Limited,15-APR-2015,Fast Moving Consumer Goods,Food Products,Animal Feed,19431.35,160073726
AVG,AVG Logistics Limited,12-MAY-2023,Services,Transport Services,Logistics Solution Provider,253.08,19935408
AVL,Aditya Vision Limited,06-NOV-2024,Consumer Services,Retailing,Speciality Retail,6681.6,145299552
AVONMORE,Avonmore Capital & Management Services Limited,04-JAN-2023,Financial Services,Finance,Non Banking Financial Company (NBFC),348.5,320902404
AVROIND,AVRO INDIA LIMITED,07-APR-2022,Consumer Durables,Consumer Durables,Plastic Products - Consumer,172.15,152385590
AVTNPL,AVT Natural Products Limited,10-JAN-2007,Fast Moving Consumer Goods,Agricultural Food & other Products,Other Agricultural Products,1048.28,178613056
AWFIS,Awfis Space Solutions Limited,30-MAY-2024,Services,Commercial Services & Supplies,Diversified Commercial Services,2504.27,96940740
AWHCL,Antony Waste Handling Cell Limited,01-JAN-2021,Utilities,Other Utilities,Waste Management,1464.43,34020907
AWL,AWL Agri Business Limited,08-FEB-2022,Fast Moving Consumer Goods,Agricultural Food & other Products,Edible Oil,26766.88,1457018073
AXISBANK,Axis Bank Limited,16-NOV-1998,Financial Services,Banks,Private Sector Bank,411636.3,3436315983
AXISCADES,AXISCADES Technologies Limited,21-DEC-2000,Capital Goods,Aerospace & Defense,Aerospace & Defense,8082.13,49620148
AXITA,Axita Cotton Limited,21-JUN-2022,Textiles,Textiles & Apparels,Other Textile Products,314.41,365593007
AYMSYNTEX,AYM Syntex Limited,14-AUG-2015,Textiles,Textiles & Apparels,Other Textile Products,1307.74,71379289
AZAD,Azad Engineering Limited,28-DEC-2023,Capital Goods,Electrical Equipment,Heavy Electrical Equipment,14447.58,93451358
BAFNAPH,Bafna Pharmaceuticals Limited,27-FEB-2020,Healthcare,Pharmaceuticals & Biotechnology,Pharmaceuticals,315.88,28375853
BAGFILMS,B.A.G Films and Media Limited,17-OCT-2003,"Media, Entertainment & Publication",Entertainment,TV Broadcasting & Software Production,111.13,265226727
BAIDFIN,Baid Finserv Limited,20-JAN-2023,Financial Services,Finance,Non Banking Financial Company (NBFC),172.55,171180557
BAJAJ-AUTO,Bajaj Auto Limited,26-MAY-2008,Automobile and Auto Components,Automobiles,2/3 Wheelers,270050.81,308329977
BAJAJCON,Bajaj Consumer Care Limited,18-AUG-2010,Fast Moving Consumer Goods,Personal Products,Personal Care,5856.27,162471072
BAJAJELEC,Bajaj Electricals Limited,02-NOV-2007,Consumer Durables,Consumer Durables,Household Appliances,4583.32,131233214
BAJAJFINSV,Bajaj Finserv Limited,26-MAY-2008,Financial Services,Finance,Holding Company,283649.47,1728832074
BAJAJHCARE,Bajaj Healthcare Limited,25-NOV-2021,Healthcare,Pharmaceuticals & Biotechnology,Pharmaceuticals,1116.93,35896835
BAJAJHFL,Bajaj Housing Finance Limited,16-SEP-2024,Financial Services,Finance,Housing Finance Company,75882.57,9728534615
BAJAJHIND,Bajaj Hindusthan Sugar Limited,10-MAY-1995,Fast Moving Consumer Goods,Agricultural Food & other Products,Sugar,4664.19,2730790410
BAJAJHLDNG,Bajaj Holdings & Investment Limited,15-MAR-1995,Financial Services,Finance,Holding Company,115001.52,127886038
BAJAJINDEF,Indef Manufacturing Limited,21-FEB-2025,Capital Goods,Industrial Manufacturing,Industrial Products,1006.05,42652733
BAJEL,Bajel Projects Limited,19-DEC-2023,Capital Goods,Electrical Equipment,Heavy Electrical Equipment,2118.64,139100521
BAJFINANCE,Bajaj Finance Limited,01-APR-2003,Financial Services,Finance,Non Banking Financial Company (NBFC),573908.47,6940902061
BALAJEE,Shree Tirupati Balajee Agro Trading Company Limited,12-SEP-2024,Capital Goods,Industrial Products,Packaging,263.39,107770047
BALAJITELE,Balaji Telefilms Limited,22-NOV-2000,"Media, Entertainment & Publication",Entertainment,Media & Entertainment,1228.41,146048031
BALAMINES,Balaji Amines Limited,05-APR-2007,Chemicals,Chemicals & Petrochemicals,Specialty Chemicals,4234.49,39743678
BALAXI,BALAXI PHARMACEUTICALS LIMITED,30-NOV-2015,Healthcare,Pharmaceuticals & Biotechnology,Pharmaceuticals,146.91,69559656
BALKRISHNA,Balkrishna Paper Mills Limited,28-JUL-2015,Forest Materials,"Paper, Forest & Jute Products",Paper & Paper Products,60.48,43200000
BALKRISIND,Balkrishna Industries Limited,27-JAN-2006,Automobile and Auto Components,Auto Components,Tyres & Rubber Products,42982.14,207924444
BALMLAWRIE,Balmer Lawrie & Company Limited,06-JUL-1995,Diversified,Diversified,Diversified,3132.28,196714192
BALPHARMA,Bal Pharma Limited,08-MAY-2006,Healthcare,Pharmaceuticals & Biotechnology,Pharmaceuticals,120.08,18360856
BALRAMCHIN,Balrampur Chini Mills Limited,08-FEB-1995,Fast Moving Consumer Goods,Agricultural Food & other Products,Sugar,10511.52,214805760
BALUFORGE,Balu Forge Industries Limited,29-APR-2024,Capital Goods,Industrial Products,Castings & Forgings,5866.26,136488138
BANARBEADS,Banaras Beads Limited,07-JUL-1995,Consumer Durables,Consumer Durables,"Gems, Jewellery And Watches",73.98,7066577
BANARISUG,Bannari Amman Sugars Limited,28-MAY-2003,Fast Moving Consumer Goods,Agricultural Food & other Products,Sugar,4524.07,12254707
BANCOINDIA,Banco Products (I) Limited,22-DEC-2006,Automobile and Auto Components,Auto Components,Auto Components & Equipments,8933.39,171499128
BANDHANBNK,Bandhan Bank Limited,27-MAR-2018,Financial Services,Banks,Private Sector Bank,29298.87,2002109521
BANG,Bang Overseas Limited,20-FEB-2008,Textiles,Textiles & Apparels,Garments & Apparels,52.26,17050571
BANKA,Banka BioLoo Limited,29-OCT-2020,Construction,Construction,Civil Construction,77.56,15684530
BANKBARODA,Bank of Baroda,19-FEB-1997,Financial Services,Banks,Public Sector Bank,141690.15,5677598629
BANKINDIA,Bank of India,30-APR-1997,Financial Services,Banks,Public Sector Bank,67156.4,4825840632
BANSALWIRE,Bansal Wire Industries Limited,10-JUL-2024,Capital Goods,Industrial Products,Iron & Steel Products,4806.74,190615063
BANSWRAS,Banswara Syntex Limited,11-APR-2007,Textiles,Textiles & Apparels,Other Textile Products,402.09,38167063
BASF,BASF India Limited,17-MAY-1995,Chemicals,Chemicals & Petrochemicals,Specialty Chemicals,15778.05,47653428
BASML,Bannari Amman Spinning Mills Limited,14-NOV-2005,Textiles,Textiles & Apparels,Other Textile Products,185.74,90384432
BATAINDIA,Bata India Limited,18-JUN-2003,Consumer Durables,Consumer Durables,Footwear,9397.29,143000679
BAYERCROP,Bayer Cropscience Limited,08-JAN-2010,Chemicals,Fertilizers & Agrochemicals,Pesticides & Agrochemicals,21016.27,44152756
BBL,Bharat Bijlee Limited,21-NOV-2006,Capital Goods,Electrical Equipment,Other Electrical Equipment,3635.54,16097144
BBOX,Black Box Limited,22-JUL-2003,Information Technology,IT - Services,IT Enabled Services,10216.16,216466993
BBTC,The Bombay Burmah Trading Corporation Limited,03-APR-1996,Fast Moving Consumer Goods,Food Products,Packaged Foods,10550.91,74792021
BBTCL,B&B Triplewall Containers Limited,23-NOV-2022,Capital Goods,Industrial Products,Packaging,411.8,24006064
BCG,Brightcom Group Limited,08-MAY-2015,Information Technology,IT - Services,IT Enabled Services,1937.21,2164480493
BCLIND,Bcl Industries Limited,04-MAR-2021,Fast Moving Consumer Goods,Beverages,Breweries & Distilleries,1010.34,347195872
BCONCEPTS,Brand Concepts Limited,11-JAN-2022,Consumer Services,Retailing,Speciality Retail,306.46,13688583
BDL,Bharat Dynamics Limited,23-MAR-2018,Capital Goods,Aerospace & Defense,Aerospace & Defense,50999.84,430160603
BEARDSELL,Beardsell Limited,13-JAN-2015,Capital Goods,Industrial Products,Other Industrial Products,104.43,44877524
BECTORFOOD,Mrs. Bectors Food Specialities Limited,24-DEC-2020,Fast Moving Consumer Goods,Food Products,Packaged Foods,6118.02,323413864
BEDMUTHA,Bedmutha Industries Limited,14-OCT-2010,Capital Goods,Industrial Products,Iron & Steel Products,361.36,36783388
BEL,Bharat Electronics Limited,19-JUL-2000,Capital Goods,Aerospace & Defense,Aerospace & Defense,318413.97,7552513411
BELLACASA,Bella Casa Fashion & Retail Limited,18-JUL-2025,Textiles,Textiles & Apparels,Garments & Apparels,354.1,14188404
BELRISE,Belrise Industries Limited,28-MAY-2025,Automobile and Auto Components,Auto Components,Auto Components & Equipments,19290.8,1011154216
BEML,BEML Limited,05-NOV-2003,Capital Goods,"Agricultural, Commercial & Construction Vehicles",Construction Vehicles,15172.76,102345767
BEPL,Bhansali Engineering Polymers Limited,21-MAR-2005,Chemicals,Chemicals & Petrochemicals,Specialty Chemicals,2402.23,275864716
BERGEPAINT,Berger Paints (I) Limited,24-NOV-1999,Consumer Durables,Consumer Durables,Paints,54055.89,1280186856
BESTAGRO,Best Agrolife Limited,10-APR-2024,Chemicals,Fertilizers & Agrochemicals,Pesticides & Agrochemicals,623.87,460420658
BETA,Beta Drugs Limited,24-NOV-2025,Healthcare,Pharmaceuticals & Biotechnology,Pharmaceuticals,1330.67,9592489
BFINVEST,BF Investment Limited,14-JAN-2011,Financial Services,Finance,Holding Company,1578.9,44995726
BFUTILITIE,BF Utilities Limited,03-MAY-2007,Services,Transport Infrastructure,"Road Assets–Toll, Annuity, Hybrid- Annuity",2141.54,53365065
BGLOBAL,Bharatiya Global Infomedia Limited,28-JUL-2011,Information Technology,IT - Services,IT Enabled Services,4.91,17661871
BGRENERGY,BGR Energy Systems Limited,03-JAN-2008,Construction,Construction,Civil Construction,2152.36,80444013
BHAGCHEM,Bhagiradha Chemicals & Industries Limited,18-OCT-2021,Chemicals,Fertilizers & Agrochemicals,Pesticides & Agrochemicals,3534.78,179212122
BHAGERIA,Bhageria Industries Limited,02-MAR-2016,Chemicals,Chemicals & Petrochemicals,Dyes And Pigments,749.81,50727962
BHAGYANGR,Bhagyanagar India Limited,17-MAY-2017,Metals & Mining,Non - Ferrous Metals,Copper,797.51,52398818
BHANDARI,Bhandari Hosiery Exports Limited,30-JAN-2017,Textiles,Textiles & Apparels,Other Textile Products,140.86,485724122
BHARATCOAL,Bharat Coking Coal Limited,19-JAN-2026,"Oil, Gas & Consumable Fuels",Consumable Fuels,Coal,15791.89,4916528806
BHARATFORG,Bharat Forge Limited,04-APR-2003,Automobile and Auto Components,Auto Components,Auto Components & Equipments,90889.43,553326625
BHARATGEAR,Bharat Gears Limited,03-APR-1996,Automobile and Auto Components,Auto Components,Auto Components & Equipments,168.52,18703663
BHARATRAS,Bharat Rasayan Limited,11-OCT-1995,Chemicals,Fertilizers & Agrochemicals,Pesticides & Agrochemicals,2317.64,16434833
BHARATSE,Bharat Seats Limited,24-MAR-2025,Automobile and Auto Components,Auto Components,Auto Components & Equipments,1112.06,71135418
BHARATWIRE,Bharat Wire Ropes Limited,01-APR-2016,Capital Goods,Industrial Products,Iron & Steel Products,1563.59,97419938
BHARTIARTL,Bharti Airtel Limited,15-FEB-2002,Telecommunic ation,Telecom - Services,Telecom - Cellular & Fixed line services,1109008.91,6196619211
BHARTIHEXA,Bharti Hexacom Limited,12-APR-2024,Telecommunic ation,Telecom - Services,Telecom - Cellular & Fixed line services,74970.0,497544449
BHEL,Bharat Heavy Electricals Limited,11-NOV-2003,Capital Goods,Electrical Equipment,Heavy Electrical Equipment,121377.76,4892094623
BIGBLOC,Bigbloc Construction Limited,02-SEP-2016,Construction Materials,Cement & Cement Products,Cement & Cement Products,690.32,147409774
BIKAJI,Bikaji Foods International Limited,16-NOV-2022,Fast Moving Consumer Goods,Food Products,Packaged Foods,17062.61,272130941
BIL,Bhartiya International Limited,12-APR-2000,Consumer Durables,Consumer Durables,Leather And Leather Products,1034.48,14529213
BILVYAPAR,BIL VYAPAR LIMITED,27-SEP-2006,Financial Services,Finance,Holding Company,17.72,34745099
BIOCON,Biocon Limited,07-APR-2004,Healthcare,Pharmaceuticals & Biotechnology,Pharmaceuticals,58676.86,1664355752
BIOFILCHEM,Biofil Chemicals & Pharmaceuticals Limited,12-JUN-1996,Healthcare,Pharmaceuticals & Biotechnology,Pharmaceuticals,54.88,20007291
BIRLACABLE,Birla Cable Limited,06-DEC-1995,Telecommunic ation,Telecom - Equipment & Accessories,Telecom - Equipment & Accessories,480.72,42131464
BIRLACORPN,Birla Corporation Limited,12-APR-1995,Construction Materials,Cement & Cement Products,Cement & Cement Products,7255.11,81536414
BIRLAMONEY,Aditya Birla Money Limited,07-FEB-2008,Financial Services,Capital Markets,Stockbroking & Allied,823.51,74505565
BIRLANU,BirlaNu Limited,26-APR-1995,Consumer Durables,Consumer Durables,"Furniture, Home Furnishing",1075.86,7728324
BLACKBUCK,BLACKBUCK LIMITED,22-NOV-2024,Services,Transport Services,Transport Related Services,11254.84,196265407
BLAL,BEML Land Assets Limited,19-APR-2023,Financial Services,Finance,Investment Company,790.0,48397967
BLBLIMITED,BLB Limited,31-MAY-2000,Financial Services,Finance,Investment Company,93.41,59082857
BLISSGVS,Bliss GVS Pharma Limited,26-JUL-2010,Healthcare,Pharmaceuticals & Biotechnology,Pharmaceuticals,2895.87,123660009
BLKASHYAP,B. L. Kashyap and Sons Limited,17-MAR-2006,Construction,Construction,Civil Construction,1191.22,264480456
BLS,BLS International Services Limited,14-JUN-2016,Consumer Services,Leisure Services,"Tour, Travel Related Services",11613.15,432680710
BLSE,BLS E-Services Limited,06-FEB-2024,Information Technology,IT - Services,IT Enabled Services,1746.53,108804507
BLUECHIP,Blue Chip India Limited,12-MAR-1997,Financial Services,Finance,Investment Company,11.17,45406503
BLUECOAST,Blue Coast Hotels Limited,16-FEB-2000,Consumer Services,Leisure Services,Hotels & Resorts,53.83,26194648
BLUEDART,Blue Dart Express Limited,12-DEC-2002,Services,Transport Services,Logistics Solution Provider,12865.46,26291992
BLUEJET,Blue Jet Healthcare Limited,01-NOV-2023,Healthcare,Pharmaceuticals & Biotechnology,Pharmaceuticals,7695.79,215357209
BLUESTARCO,Blue Star Limited,15-JUN-2000,Consumer Durables,Consumer Durables,Household Appliances,39401.96,257815604
BLUESTONE,BlueStone Jewellery and Lifestyle Limited,19-AUG-2025,Consumer Durables,Consumer Durables,"Gems, Jewellery And Watches",8235.11,192611630
BLUSPRING,Bluspring Enterprises Limited,11-JUN-2025,Services,Commercial Services & Supplies,Diversified Commercial Services,947.42,162786939
BMWVENTLTD,BMW Ventures Limited,01-OCT-2025,Metals & Mining,Metals & Minerals Trading,Trading - Metals,566.16,106681742
BODALCHEM,Bodal Chemicals Limited,22-AUG-2011,Chemicals,Chemicals & Petrochemicals,Dyes And Pigments,846.47,151969477
BOHRAIND,Bohra Industries Limited,27-OCT-2022,Chemicals,Fertilizers & Agrochemicals,Fertilizers,39.3,23660445
BOMDYEING,Bombay Dyeing & Mfg Company Limited,26-APR-1995,Textiles,Textiles & Apparels,Other Textile Products,2387.54,231957640
BORANA,Borana Weaves Limited,27-MAY-2025,Textiles,Textiles & Apparels,Other Textile Products,894.08,29837478
BOROLTD,Borosil Limited,22-JUL-2020,Consumer Durables,Consumer Durables,Houseware,3064.05,127994069
BORORENEW,BOROSIL RENEWABLES LIMITED,25-MAY-2018,Capital Goods,Industrial Products,Glass - Industrial,7244.96,174703636
BOROSCI,Borosil Scientific Limited,07-JUN-2024,Capital Goods,Industrial Products,Glass - Industrial,1034.45,93034444
BOSCH-HCIL,BOSCH HOME COMFORT INDIA LIMITED,03-JAN-2000,Consumer Durables,Consumer Durables,Household Appliances,3862.88,34079224
BOSCHLTD,Bosch Limited,12-MAY-2003,Automobile and Auto Components,Auto Components,Auto Components & Equipments,109790.07,34165262
BPCL,Bharat Petroleum Corporation Limited,13-SEP-1995,"Oil, Gas & Consumable Fuels",Petroleum Products,Refineries & Marketing,135643.37,4876626747
BPL,BPL Limited,14-JUN-1995,Consumer Durables,Consumer Durables,Consumer Electronics,280.63,62320677
BRIGADE,Brigade Enterprises Limited,31-DEC-2007,Realty,Realty,"Residential, Commercial Projects",19243.39,279883504
BRIGHOTEL,Brigade Hotel Ventures Limited,31-JUL-2025,Consumer Services,Leisure Services,Hotels & Resorts,2583.31,440161878
BRITANNIA,Britannia Industries Limited,05-NOV-1998,Fast Moving Consumer Goods,Food Products,Packaged Foods,137716.45,253062201
BRNL,Bharat Road Network Limited,18-SEP-2017,Construction,Construction,Civil Construction,175.46,94536641
BROOKS,Brooks Laboratories Limited,05-SEP-2011,Healthcare,Pharmaceuticals & Biotechnology,Pharmaceuticals,189.88,35571374
BSE,BSE Limited,03-FEB-2017,Financial Services,Capital Markets,Exchange and Data Platform,143963.93,504888598
BSHSL,Bombay Super Hybrid Seeds Limited,28-OCT-2020,Fast Moving Consumer Goods,Agricultural Food & other Products,Other Agricultural Products,1052.63,120438213
BSL,BSL Limited,27-JUL-1995,Textiles,Textiles & Apparels,Other Textile Products,132.57,11653481
BSOFT,BIRLASOFT LIMITED,24-NOV-1999,Information Technology,IT - Software,Computers - Software & Consulting,10393.44,280259939
BTML,Bodhi Tree Multimedia Limited,15-FEB-2023,"Media, Entertainment & Publication",Entertainment,Digital Entertainment,114.47,184331722
BUILDPRO,Shankara Buildpro Limited,09-JAN-2026,Consumer Services,Retailing,Speciality Retail,2737.26,26919015
BUTTERFLY,Butterfly Gandhimathi Appliances Limited,28-APR-2014,Consumer Durables,Consumer Durables,Household Appliances,1084.51,17930231
BVCL,Barak Valley Cements Limited,23-NOV-2007,Construction Materials,Cement & Cement Products,Cement & Cement Products,101.67,28062380
BYKE,The Byke Hospitality Ltd,15-APR-2015,Consumer Services,Leisure Services,Hotels & Resorts,194.69,53811498
CALSOFT,California Software Company Limited,28-JUN-2000,Information Technology,IT - Software,Computers - Software & Consulting,28.45,24568221
CAMLINFINE,Camlin Fine Sciences Limited,20-JAN-2015,Chemicals,Chemicals & Petrochemicals,Specialty Chemicals,2452.63,238211929
CAMPUS,Campus Activewear Limited,09-MAY-2022,Consumer Durables,Consumer Durables,Footwear,7657.86,332935967
CAMS,Computer Age Management Services Limited,07-MAY-2021,Financial Services,Capital Markets,"Depositories, Clearing Houses and Other Intermediaries",18843.1,285112715
CANBK,Canara Bank,23-DEC-2002,Financial Services,Banks,Public Sector Bank,127460.79,10033122566
CANFINHOME,Can Fin Homes Limited,10-MAY-1995,Financial Services,Finance,Housing Finance Company,12189.59,148183690
CANHLIFE,Canara HSBC Life Insurance Company Limited,17-OCT-2025,Financial Services,Insurance,Life Insurance,13274.35,917497282
CANTABIL,Cantabil Retail India Limited,12-OCT-2010,Textiles,Textiles & Apparels,Garments & Apparels,2061.84,86935111
CAPACITE,Capacit'e Infraprojects Limited,25-SEP-2017,Construction,Construction,Civil Construction,2159.6,101882341
CAPILLARY,Capillary Technologies India Limited,21-NOV-2025,Information Technology,IT - Software,Software Products,4494.54,91148650
CAPITALSFB,Capital Small Finance Bank Limited,14-FEB-2024,Financial Services,Banks,Other Bank,1197.47,50147411
CAPLIPOINT,Caplin Point Laboratories Limited,23-JUN-2014,Healthcare,Pharmaceuticals & Biotechnology,Pharmaceuticals,13386.42,85492525
CAPTRUST,Capital Trust Limited,16-JAN-2017,Financial Services,Finance,Non Banking Financial Company (NBFC),44.74,39418501
CARBORUNIV,Carborundum Universal Limited,03-APR-1996,Capital Goods,Industrial Products,Abrasives & Bearings,18022.5,211036300
CARERATING,CARE Ratings Limited,26-DEC-2012,Financial Services,Capital Markets,Ratings,4768.15,31870531
CARRARO,Carraro India Limited,30-DEC-2024,Automobile and Auto Components,Auto Components,Auto Components & Equipments,3190.79,69207029
CARTRADE,Cartrade Tech Limited,20-AUG-2021,Consumer Services,Retailing,E-Retail/ E- Commerce,8234.99,48566821
CARYSIL,CARYSIL LIMITED,14-JAN-2021,Consumer Durables,Consumer Durables,Household Appliances,2597.66,32548053
CASTROLIND,Castrol India Limited,14-MAR-2014,"Oil, Gas & Consumable Fuels",Petroleum Products,Lubricants,18250.3,1025758779
CCAVENUE,AvenuesAI Limited,04-APR-2016,Financial Services,Financial Technology (Fintech),Financial Technology (Fintech),4900.96,3320433553
CCCL,Consolidated Construction Consortium Limited,15-OCT-2007,Realty,Realty,"Residential, Commercial Projects",798.36,535812094
CCHHL,Country Club Hospitality & Holidays Limited,03-FEB-2015,Consumer Services,Leisure Services,Hotels & Resorts,227.05,206034474
CCL,CCL Products (India) Limited,07-JUN-2004,Fast Moving Consumer Goods,Agricultural Food & other Products,Tea & Coffee,14971.15,136973010
CDSL,Central Depository Services (India) Limited,30-JUN-2017,Financial Services,Capital Markets,"Depositories, Clearing Houses and Other Intermediaries",27673.69,233277323
CEATLTD,CEAT Limited,01-FEB-2008,Automobile and Auto Components,Auto Components,Tyres & Rubber Products,14299.92,42454413
CEIGALL,Ceigall India Limited,08-AUG-2024,Construction,Construction,Civil Construction,5876.8,212811882
CELEBRITY,Celebrity Fashions Limited,12-JAN-2006,Textiles,Textiles & Apparels,Garments & Apparels,48.6,72863567
CELLO,Cello World Limited,06-NOV-2023,Consumer Durables,Consumer Durables,Houseware,9453.88,233688797
CEMPRO,Cemindia Projects Limited,10-FEB-1999,Construction,Construction,Civil Construction,11380.93,211011968
CENTENKA,Century Enka Limited,10-MAY-1995,Textiles,Textiles & Apparels,Other Textile Products,937.58,23563207
CENTEXT,Century Extrusions Limited,20-JUL-2004,Capital Goods,Industrial Products,"Aluminium, Copper & Zinc Products",170.64,93655327
CENTRALBK,Central Bank of India,21-AUG-2007,Financial Services,Banks,Public Sector Bank,33055.72,9929624239
CENTRUM,Centrum Capital Limited,04-APR-2018,Financial Services,Finance,Other Financial Services,1142.51,413503451
CENTUM,Centum Electronics Limited,05-OCT-2007,Capital Goods,Industrial Manufacturing,Industrial Products,4228.3,14906751
CENTURYPLY,Century Plyboards (India) Limited,23-MAR-2006,Consumer Durables,Consumer Durables,Plywood Boards/ Laminates,17584.99,243357191
CERA,Cera Sanitaryware Limited,02-NOV-2007,Consumer Durables,Consumer Durables,Sanitary Ware,6791.2,14519488
CEREBRAINT,Cerebra Integrated Technologies Limited,26-JUN-2013,Information Technology,IT - Hardware,Computers Hardware & Equipments,53.08,130738918
CESC,CESC Limited,08-FEB-1995,Power,Power,Integrated Power Utilities,24922.05,1626234910
CEWATER,Concord Enviro Systems Limited,27-DEC-2024,Utilities,Other Utilities,Waste Management,696.22,24584038
CGCL,Capri Global Capital Limited,29-OCT-2010,Financial Services,Finance,Non Banking Financial Company (NBFC),17812.36,1070904816
CGPOWER,CG Power and Industrial Solutions Limited,01-MAR-1995,Capital Goods,Electrical Equipment,Heavy Electrical Equipment,129192.06,1899743582
CHALET,Chalet Hotels Limited,07-FEB-2019,Consumer Services,Leisure Services,Hotels & Resorts,17336.67,237977625
CHAMBLFERT,Chambal Fertilizers & Chemicals Limited,14-JUN-1995,Chemicals,Fertilizers & Agrochemicals,Fertilizers,17867.09,394940103
CHEMBOND,Chembond Material Technologies Limited,20-NOV-2019,Chemicals,Chemicals & Petrochemicals,Specialty Chemicals,205.56,14428301
CHEMBONDCH,Chembond Chemicals Limited,23-JUL-2025,Chemicals,Chemicals & Petrochemicals,Specialty Chemicals,409.2,29095563
CHEMCON,Chemcon Speciality Chemicals Limited,01-OCT-2020,Chemicals,Chemicals & Petrochemicals,Specialty Chemicals,594.22,42429132
CHEMFAB,Chemfab Alkalis Limited,25-APR-2018,Chemicals,Chemicals & Petrochemicals,Commodity Chemicals,566.76,16923261
CHEMPLASTS,Chemplast Sanmar Limited,24-AUG-2021,Chemicals,Chemicals & Petrochemicals,Commodity Chemicals,3741.66,145959037
CHENNPETRO,Chennai Petroleum Corporation Limited,07-JUN-2000,"Oil, Gas & Consumable Fuels",Petroleum Products,Refineries & Marketing,14853.17,145031107
CHEVIOT,Cheviot Company Limited,20-JUN-2022,Forest Materials,"Paper, Forest & Jute Products",Jute & Jute Products,651.31,6725977
CHOICEIN,Choice International Limited,08-APR-2022,Financial Services,Finance,Holding Company,15431.73,243268394
CHOLAFIN,Cholamandalam Investment and Finance Company Limited,15-MAY-1996,Financial Services,Finance,Non Banking Financial Company (NBFC),133022.27,980773171
CHOLAHLDNG,Cholamandalam Financial Holdings Limited,25-SEP-2017,Financial Services,Finance,Investment Company,29807.79,213385278
CIEINDIA,CIE Automotive India Limited,30-AUG-2007,Automobile and Auto Components,Auto Components,Auto Components & Equipments,18353.55,408187079
CIFL,Capital India Finance Limited,17-APR-2025,Financial Services,Finance,Non Banking Financial Company (NBFC),1088.31,488031407
CIGNITITEC,Cigniti Technologies Limited,13-OCT-2014,Information Technology,IT - Services,IT Enabled Services,3272.03,27289658
CINELINE,Cineline India Limited,13-JUN-2012,"Media, Entertainment & Publication",Entertainment,"Film Production, Distribution & Exhibition",295.96,36692287
CINEVISTA,Cinevista Limited,02-MAY-2000,"Media, Entertainment & Publication",Entertainment,Media & Entertainment,89.14,62598316
CIPLA,Cipla Limited,08-FEB-1995,Healthcare,Pharmaceuticals & Biotechnology,Pharmaceuticals,106401.13,892327473
CLEAN,Clean Science and Technology Limited,19-JUL-2021,Chemicals,Chemicals & Petrochemicals,Specialty Chemicals,8610.59,121224696
CLEDUCATE,CL Educate Limited,31-MAR-2017,Consumer Services,Other Consumer Services,Education,261.2,54416667
CLSEL,Chaman Lal Setia Exports Limited,12-MAY-2021,Fast Moving Consumer Goods,Agricultural Food & other Products,Other Agricultural Products,1395.6,57498352
CMICABLES,CMI Limited,29-NOV-2016,Capital Goods,Industrial Products,Cables - Electricals,5.11,14897959
CMSINFO,CMS Info Systems Limited,31-DEC-2021,Services,Commercial Services & Supplies,Diversified Commercial Services,5008.27,178040178
CNL,Creative Newtech Limited,05-AUG-2019,Services,Commercial Services & Supplies,Trading & Distributors,912.86,15321585
COALINDIA,Coal India Limited,04-NOV-2010,"Oil, Gas & Consumable Fuels",Consumable Fuels,Coal,278863.46,6205929814
COASTCORP,Coastal Corporation Limited,08-OCT-2021,Fast Moving Consumer Goods,Food Products,Seafood,391.35,85466257
COCHINSHIP,Cochin Shipyard Limited,11-AUG-2017,Capital Goods,Industrial Manufacturing,Ship Building & Allied Services,44179.16,336090985
COFFEEDAY,Coffee Day Enterprises Limited,02-NOV-2015,Consumer Services,Leisure Services,Restaurants,559.61,254137143
COFORGE,Coforge Limited,30-AUG-2004,Information Technology,IT - Software,Computers - Software & Consulting,51660.77,425752175
COHANCE,Cohance Lifesciences Limited,09-MAR-2020,Healthcare,Pharmaceuticals & Biotechnology,Pharmaceuticals,16530.73,538022132
COLPAL,Colgate Palmolive (India) Limited,17-DEC-2007,Fast Moving Consumer Goods,Personal Products,Personal Care,58232.12,318295272
COMPINFO,Compuage Infocom Limited,07-JUL-2016,Information Technology,IT - Hardware,Computers Hardware & Equipments,12.18,124285712
COMPUSOFT,Compucom Software Limited,02-MAR-2012,Consumer Services,Other Consumer Services,Education,109.59,80818582
COMSYN,Commercial Syn Bags Limited,23-JAN-2024,Capital Goods,Industrial Products,Packaging,618.28,40373515
CONCOR,Container Corporation of India Limited,07-MAY-1997,Services,Transport Services,Logistics Solution Provider,39162.39,891574047
CONCORDBIO,Concord Biotech Limited,18-AUG-2023,Healthcare,Pharmaceuticals & Biotechnology,Pharmaceuticals,11067.35,107963616
CONFIPET,Confidence Petroleum India Limited,13-JUN-2019,"Oil, Gas & Consumable Fuels",Gas,LPG/CNG/PNG/LN G Supplier,1918.03,366106131
CONSOFINVT,Consolidated Finvest & Holdings Limited,29-MAR-2005,Financial Services,Finance,Non Banking Financial Company (NBFC),728.2,34793828
CONTROLPR,Control Print Limited,24-JUN-2016,Information Technology,IT - Hardware,Computers Hardware & Equipments,1059.46,18475194
CORALFINAC,Coral India Finance & Housing Limited,25-MAR-1996,Services,Commercial Services & Supplies,Diversified Commercial Services,141.34,50496606
CORDSCABLE,Cords Cable Industries Limited,13-FEB-2008,Capital Goods,Industrial Products,Cables - Electricals,236.16,15747149
COROMANDEL,Coromandel International Limited,31-MAY-1995,Chemicals,Fertilizers & Agrochemicals,Fertilizers,59920.42,319014100
CORONA,CORONA Remedies Limited,15-DEC-2025,Healthcare,Pharmaceuticals & Biotechnology,Pharmaceuticals,10313.43,68792892
COSMOFIRST,COSMO FIRST LIMITED,25-MAY-1995,Capital Goods,Industrial Products,Packaging,1859.79,30211015
COUNCODOS,Country Condo's Limited,22-JAN-2009,Realty,Realty,"Residential, Commercial Projects",40.04,96481925
CPCAP,CP Capital Limited,06-OCT-2010,Financial Services,Finance,Non Banking Financial Company (NBFC),180.51,21238970
CPEDU,Career Point Edutech Limited,05-SEP-2025,Consumer Services,Other Consumer Services,Education,346.87,22240958
CPPLUS,Aditya Infotech Limited,05-AUG-2025,Capital Goods,Industrial Manufacturing,Industrial Products,27626.01,153511949
CRAFTSMAN,Craftsman Automation Limited,25-MAR-2021,Automobile and Auto Components,Auto Components,Auto Components & Equipments,18208.97,26821284
CRAMC,Canara Robeco Asset Management Company Limited,16-OCT-2025,Financial Services,Capital Markets,Asset Management Company,5581.89,241107949
CREATIVEYE,Creative Eye Limited,20-DEC-2000,"Media, Entertainment & Publication",Entertainment,Media & Entertainment,14.16,22987014
CREDITACC,CREDITACCESS GRAMEEN LIMITED,23-AUG-2018,Financial Services,Finance,Microfinance Institutions,19889.18,168852870
CREST,Crest Ventures Limited,27-DEC-2006,Financial Services,Finance,Non Banking Financial Company (NBFC),1034.01,31324144
CRISIL,CRISIL Limited,28-JUN-1995,Financial Services,Finance,Other Financial Services,31385.21,85493094
CRIZAC,Crizac Limited,09-JUL-2025,Consumer Services,Retailing,Internet & Catalogue Retail,3771.22,194905158
CROMPTON,Crompton Greaves Consumer Electricals Limited,13-MAY-2016,Consumer Durables,Consumer Durables,Household Appliances,16656.79,718243704
CROWN,Crown Lifters Limited,08-FEB-2022,Capital Goods,Industrial Manufacturing,Industrial Products,161.6,13774293
CSBBANK,CSB Bank Limited,04-DEC-2019,Financial Services,Banks,Private Sector Bank,6880.45,186436803
CSLFINANCE,CSL Finance Limited,21-JUL-2022,Financial Services,Finance,Non Banking Financial Company (NBFC),527.35,21571154
CTE,Cambridge Technology Enterprises Limited,07-FEB-2007,Information Technology,IT - Software,Computers - Software & Consulting,60.07,24329688
CUB,City Union Bank Limited,25-AUG-1998,Financial Services,Banks,Private Sector Bank,20152.18,837963306
CUBEXTUB,Cubex Tubings Limited,24-APR-1996,Capital Goods,Industrial Products,"Aluminium, Copper & Zinc Products",136.46,16175913
CUMMINSIND,Cummins India Limited,29-MAR-1995,Capital Goods,Industrial Products,"Compressors, Pumps & Diesel Engines",145064.3,312201227
CUPID,Cupid Limited,16-SEP-2016,Fast Moving Consumer Goods,Personal Products,Personal Care,15095.16,1724372840
CURAA,Cura Technologies Limited,21-MAR-2025,Information Technology,IT - Software,Computers - Software & Consulting,88.52,8137525
CYBERMEDIA,Cyber Media (India) Limited,10-JUN-2005,"Media, Entertainment & Publication",Media,Electronic Media,33.26,25007518
CYBERTECH,Cybertech Systems And Software Limited,27-JAN-1999,Information Technology,IT - Software,Computers - Software & Consulting,399.09,36898113
CYIENT,Cyient Limited,30-SEP-1998,Information Technology,IT - Services,IT Enabled Services,9836.89,122220169
CYIENTDLM,Cyient DLM Limited,10-JUL-2023,Capital Goods,Industrial Manufacturing,Industrial Products,3175.37,113365581
DABUR,Dabur India Limited,28-APR-1999,Fast Moving Consumer Goods,Personal Products,Personal Care,80170.8,1921409227
DALBHARAT,Dalmia Bharat Limited,22-JAN-2019,Construction Materials,Cement & Cement Products,Cement & Cement Products,37001.14,206214897
DALMIASUG,Dalmia Bharat Sugar and Industries Limited,17-JAN-1996,Fast Moving Consumer Goods,Agricultural Food & other Products,Sugar,3048.17,82360712
DAMCAPITAL,Dam Capital Advisors Limited,27-DEC-2024,Financial Services,Capital Markets,Stockbroking & Allied,1153.74,84424116
DAMODARIND,Damodar Industries Limited,04-JUL-2016,Textiles,Textiles & Apparels,Other Textile Products,64.56,30295637
DANGEE,Dangee Dums Limited,13-NOV-2020,Fast Moving Consumer Goods,Food Products,Packaged Foods,55.12,179543978
DATAMATICS,Datamatics Global Services Limited,07-MAY-2004,Information Technology,IT - Services,IT Enabled Services,4271.32,60551742
DATAPATTNS,Data Patterns (India) Limited,24-DEC-2021,Capital Goods,Aerospace & Defense,Aerospace & Defense,22170.21,72563119
DAVANGERE,Davangere Sugar Company Limited,25-JAN-2024,Fast Moving Consumer Goods,Diversified FMCG,Diversified FMCG,519.09,1387941173
DBCORP,D.B.Corp Limited,06-JAN-2010,"Media, Entertainment & Publication",Media,Print Media,3983.8,200010049
DBEIL,Deepak Builders & Engineers India Limited,28-OCT-2024,Construction,Construction,Civil Construction,394.4,65233213
DBL,Dilip Buildcon Limited,11-AUG-2016,Construction,Construction,Civil Construction,7590.23,186790449
DBOL,Dhampur Bio Organics Limited,08-SEP-2022,Fast Moving Consumer Goods,Agricultural Food & other Products,Sugar,803.42,70673821
DBREALTY,Valor Estate Limited,24-FEB-2010,Consumer Services,Leisure Services,Hotels & Resorts,5790.19,639658663
DBSTOCKBRO,DB (International) Stock Brokers Limited,29-FEB-2012,Financial Services,Capital Markets,Stockbroking & Allied,95.06,36435416
DCAL,Dishman Carbogen Amcis Limited,21-SEP-2017,Healthcare,Pharmaceuticals & Biotechnology,Pharmaceuticals,2740.57,185801356
DCBBANK,DCB Bank Limited,27-OCT-2006,Financial Services,Banks,Private Sector Bank,6146.05,371407430
DCI,Dc Infotech And Communication Limited,19-OCT-2022,Information Technology,IT - Hardware,Computers Hardware & Equipments,500.45,15742372
DCM,DCM  Limited,29-MAR-1995,Information Technology,IT - Services,IT Enabled Services,157.06,25267053
DCMFINSERV,DCM Financial Services Limited,21-MAY-1997,Financial Services,Finance,Investment Company,10.84,23162394
DCMNVL,DCM Nouvelle Limited,16-JUL-2019,Textiles,Textiles & Apparels,Other Textile Products,259.81,24610211
DCMSHRIRAM,DCM Shriram Limited,12-APR-1995,Diversified,Diversified,Diversified,18663.17,164941847
DCMSRIND,DCM Shriram Industries Limited,24-DEC-2021,Fast Moving Consumer Goods,Agricultural Food & other Products,Sugar,521.67,142183161
DCW,DCW Limited,25-MAY-1995,Chemicals,Chemicals & Petrochemicals,Petrochemicals,1351.81,331569778
DCXINDIA,DCX Systems Limited,11-NOV-2022,Capital Goods,Aerospace & Defense,Aerospace & Defense,2262.93,136386814
DDEVPLSTIK,Ddev Plastiks Industries Limited,15-JAN-2025,Chemicals,Chemicals & Petrochemicals,Specialty Chemicals,2575.95,119689155
DECCANCE,Deccan Cements Limited,02-AUG-2007,Construction Materials,Cement & Cement Products,Cement & Cement Products,921.83,15376647
DEEDEV,DEE Development Engineers Limited,26-JUN-2024,Capital Goods,Industrial Manufacturing,Industrial Products,2936.77,97583316
DEEPAKFERT,Deepak Fertilizers and Petrochemicals Corporation Limited,17-JAN-2003,Chemicals,Chemicals & Petrochemicals,Commodity Chemicals,15659.17,157735281
DEEPAKNTR,Deepak Nitrite Limited,29-SEP-2010,Chemicals,Chemicals & Petrochemicals,Specialty Chemicals,22980.86,166805987
DEEPINDS,Deep Industries Limited,27-APR-2021,"Oil, Gas & Consumable Fuels",Oil,Oil Equipment & Services,3122.24,71145949
DELHIVERY,Delhivery Limited,24-MAY-2022,Services,Transport Services,Logistics Solution Provider,34642.09,812717654
DELPHIFX,DELPHI WORLD MONEY LIMITED,28-JUN-2011,Financial Services,Finance,Other Financial Services,311.49,337841639
DELTACORP,Delta Corp Limited,02-NOV-2007,Consumer Services,Leisure Services,Amusement Parks/ Other Recreation,2020.07,362149524
DELTAMAGNT,Delta Manufacturing Limited,18-OCT-1995,Capital Goods,Industrial Products,Other Industrial Products,68.05,12902920
DEN,Den Networks Limited,24-NOV-2009,"Media, Entertainment & Publication",Entertainment,TV Broadcasting & Software Production,1341.0,536185521
DENORA,De Nora India Limited,07-AUG-1997,Capital Goods,Industrial Products,Electrodes & Refractories,432.26,6103212
DENTA,Denta Water and Infra Solutions Limited,29-JAN-2025,Utilities,Other Utilities,Water Supply & Management,750.4,30621073
DEVIT,Dev Information Technology Limited,15-FEB-2022,Information Technology,IT - Services,IT Enabled Services,188.82,73328155
DEVX,Dev Accelerator Limited,17-SEP-2025,Services,Commercial Services & Supplies,Diversified Commercial Services,385.1,110060012
DEVYANI,Devyani International Limited,16-AUG-2021,Consumer Services,Leisure Services,Restaurants,13774.4,1428435130
DGCONTENT,Digicontent Limited,18-JUN-2019,"Media, Entertainment & Publication",Media,Advertising & Media Agencies,175.67,73104451
DHAMPURSUG,Dhampur Sugar Mills Limited,29-MAR-1995,Fast Moving Consumer Goods,Agricultural Food & other Products,Sugar,929.29,67198644
DHANBANK,Dhanlaxmi Bank Limited,01-APR-2004,Financial Services,Banks,Private Sector Bank,1101.21,484687515
DHANUKA,Dhanuka Agritech Limited,29-JUN-2011,Chemicals,Fertilizers & Agrochemicals,Pesticides & Agrochemicals,4832.17,50183507
DHARAN,DHARAN INFRA-EPC LIMITED,02-APR-2018,Realty,Realty,"Residential, Commercial Projects",78.43,6033077144
DHARMAJ,Dharmaj Crop Guard Limited,08-DEC-2022,Chemicals,Fertilizers & Agrochemicals,Pesticides & Agrochemicals,868.22,35418757
DHRUV,Dhruv Consultancy Services Limited,25-NOV-2021,Services,Commercial Services & Supplies,Consulting Services,67.48,21180163
DHUNINV,Dhunseri Investments Limited,18-MAR-2011,Financial Services,Finance,Non Banking Financial Company (NBFC),571.0,7514641
DIACABS,Diamond Power Infrastructure Limited,15-SEP-2023,Capital Goods,Electrical Equipment,Other Electrical Equipment,8726.11,695806534
DIAMINESQ,Diamines & Chemicals Limited,25-SEP-2023,Chemicals,Chemicals & Petrochemicals,Specialty Chemicals,276.67,11333361
DIAMONDYD,Prataap Snacks Limited,05-OCT-2017,Fast Moving Consumer Goods,Food Products,Packaged Foods,2396.57,25081842
DICIND,DIC India Limited,30-AUG-1995,Chemicals,Chemicals & Petrochemicals,Printing Inks,494.43,10148399
DIFFNKG,Diffusion Engineers Limited,04-OCT-2024,Capital Goods,Industrial Products,Other Industrial Products,1154.3,41059296
DIGIDRIVE,Digidrive Distributors Limited,10-JAN-2024,Consumer Services,Retailing,E-Retail/ E- Commerce,87.96,47830344
DIGISPICE,DiGiSPICE Technologies Limited,27-MAY-2008,Information Technology,IT - Services,IT Enabled Services,491.45,306772775
DIGITIDE,Digitide Solutions Limited,11-JUN-2025,Information Technology,IT - Services,IT Enabled Services,1413.82,183493828
DIGJAMLMTD,Digjam Limited,18-OCT-2021,Textiles,Textiles & Apparels,Other Textile Products,95.76,24292239
DIL,Debock Industries Limited,31-MAR-2022,Consumer Services,Leisure Services,Hotels & Resorts,16.6,153703698
DISHTV,Dish TV India Limited,18-APR-2007,"Media, Entertainment & Publication",Entertainment,TV Broadcasting & Software Production,712.58,2805433113
DIVGIITTS,Divgi Torqtransfer Systems Limited,14-MAR-2023,Automobile and Auto Components,Auto Components,Auto Components & Equipments,2274.76,35890818
DIVISLAB,Divi's Laboratories Limited,12-MAR-2003,Healthcare,Pharmaceuticals & Biotechnology,Pharmaceuticals,171944.0,293595151
DIXON,Dixon Technologies (India) Limited,18-SEP-2017,Consumer Durables,Consumer Durables,Consumer Electronics,68414.29,68962542
DJML,DJ Mediaprint & Logistics Limited,05-DEC-2022,Services,Transport Services,Logistics Solution Provider,315.52,39010882
DLF,DLF Limited,05-JUL-2007,Realty,Realty,"Residential, Commercial Projects",146649.84,2808039062
DLINKINDIA,D-Link (India) Limited,18-DEC-2009,Information Technology,IT - Hardware,Computers Hardware & Equipments,1639.61,40990250
DMART,Avenue Supermarts Limited,21-MAR-2017,Consumer Services,Retailing,Diversified Retail,293918.65,673754485
DMCC,DMCC SPECIALITY CHEMICALS LIMITED,01-DEC-2021,Chemicals,Chemicals & Petrochemicals,Specialty Chemicals,711.36,34003825
DNAMEDIA,Diligent Media Corporation Limited,11-DEC-2017,"Media, Entertainment & Publication",Media,Electronic Media,34.96,126209387
DODLA,Dodla Dairy Limited,28-JUN-2021,Fast Moving Consumer Goods,Food Products,Dairy Products,6657.78,64585344
DOLATALGO,Dolat Algotech Limited,12-JAN-2024,Financial Services,Capital Markets,Stockbroking & Allied,1378.43,193817484
DOLLAR,Dollar Industries Limited,21-APR-2017,Textiles,Textiles & Apparels,Garments & Apparels,1773.51,70422094
DOLPHIN,Dolphin Offshore Enterprises (India) Limited,21-AUG-2023,"Oil, Gas & Consumable Fuels",Oil,Offshore Support Solution Drilling,1673.99,41533062
DOMS,DOMS Industries Limited,20-DEC-2023,Fast Moving Consumer Goods,Household Products,Stationary,14128.24,59956886
DONEAR,Donear Industries Limited,20-DEC-2006,Textiles,Textiles & Apparels,Other Textile Products,482.25,55246878
DPABHUSHAN,D. P. Abhushan Limited,03-NOV-2020,Consumer Durables,Consumer Durables,"Gems, Jewellery And Watches",2549.42,25390101
DPSCLTD,DPSC Limited,21-APR-2008,Power,Power,Integrated Power Utilities,976.71,1265168428
DPWIRES,D P Wires Limited,17-JAN-2020,Capital Goods,Industrial Products,Iron & Steel Products,290.23,20781182
DRCSYSTEMS,DRC Systems India Limited,10-MAR-2021,Information Technology,IT - Software,Computers - Software & Consulting,226.06,151210704
DREAMFOLKS,Dreamfolks Services Limited,06-SEP-2022,Services,Transport Infrastructure,Airport & Airport services,441.39,65294380
DREDGECORP,Dredging Corporation of India Limited,15-JAN-2004,Services,Engineering Services,Dredging,2713.9,32136175
DRREDDY,Dr. Reddy's Laboratories Limited,30-MAY-2003,Healthcare,Pharmaceuticals & Biotechnology,Pharmaceuticals,111384.97,915016557
DSSL,Dynacons Systems & Solutions Limited,01-DEC-2011,Information Technology,IT - Services,IT Enabled Services,1348.92,15330378
DTIL,Dhunseri Tea & Industries Limited,20-JAN-2015,Fast Moving Consumer Goods,Agricultural Food & other Products,Tea & Coffee,147.55,12068542
DUCON,Ducon Infratechnologies Limited,09-OCT-2012,Capital Goods,Industrial Manufacturing,Industrial Products,106.9,353973512
DVL,Dhunseri Ventures Limited,11-JAN-2008,Diversified,Diversified,Diversified,853.58,40145801
DWARKESH,Dwarikesh Sugar Industries Limited,31-DEC-2004,Fast Moving Consumer Goods,Agricultural Food & other Products,Sugar,827.74,183493680
DYCL,Dynamic Cables Limited,27-JUL-2022,Capital Goods,Industrial Products,Cables - Electricals,1854.61,68514167
DYNAMATECH,Dynamatic Technologies Limited,14-SEP-2006,Capital Goods,Industrial Manufacturing,Industrial Products,8432.93,8986498
DYNPRO,Dynemic Products Limited,19-JUL-2017,Chemicals,Chemicals & Petrochemicals,Specialty Chemicals,296.39,13741481
E2E,E2E Networks Limited,12-APR-2022,Information Technology,IT - Services,IT Enabled Services,6265.62,27867018
EASEMYTRIP,Easy Trip Planners Limited,19-MAR-2021,Consumer Services,Leisure Services,"Tour, Travel Related Services",2880.39,4431369231
EASTSILK,Eastern Silk Industries Limited,03-JUL-1996,Textiles,Textiles & Apparels,Other Textile Products,29.55,4646227
EBGNG,GNG Electronics Limited,30-JUL-2025,Information Technology,IT - Hardware,Computers Hardware & Equipments,4391.72,119340217
ECLERX,eClerx Services Limited,31-DEC-2007,Services,Commercial Services & Supplies,Business Process Outsourcing (BPO)/ Knowledge Process Outsourcing (KPO),13912.92,96156747
ECOSMOBLTY,Ecos (India) Mobility & Hospitality Limited,04-SEP-2024,Services,Transport Services,Road Transport,846.54,71305592
EDELWEISS,Edelweiss Financial Services Limited,12-DEC-2007,Financial Services,Finance,Holding Company,11648.97,1099374302
EDUCOMP,Educomp Solutions Limited,13-JAN-2006,Consumer Services,Other Consumer Services,Education,11.63,125053762
EFCIL,EFC (I) Limited,20-AUG-2025,Services,Commercial Services & Supplies,Diversified Commercial Services,2808.82,148512659
EICHERMOT,Eicher Motors Limited,07-SEP-2004,Automobile and Auto Components,Automobiles,2/3 Wheelers,196793.01,295951590
EIDPARRY,EID Parry India Limited,10-MAY-1995,Fast Moving Consumer Goods,Food Products,Other Food Products,15193.89,188194593
EIEL,Enviro Infra Engineers Limited,29-NOV-2024,Utilities,Other Utilities,Water Supply & Management,3676.65,218692012
EIFFL,Euro India Fresh Foods Limited,12-OCT-2021,Fast Moving Consumer Goods,Food Products,Packaged Foods,614.27,27178887
EIHAHOTELS,EIH Associated Hotels Limited,08-APR-2008,Consumer Services,Leisure Services,Hotels & Resorts,1953.92,66766446
EIHOTEL,EIH Limited,08-FEB-1995,Consumer Services,Leisure Services,Hotels & Resorts,20552.59,713136333
EIMCOELECO,Eimco Elecon (India) Limited,17-APR-1996,Capital Goods,Industrial Manufacturing,Industrial Products,943.97,6074453
EKC,Everest Kanto Cylinder Limited,15-DEC-2005,Capital Goods,Industrial Manufacturing,Industrial Products,1363.66,127791211
ELDEHSG,Eldeco Housing And Industries Limited,12-APR-2022,Realty,Realty,"Residential, Commercial Projects",843.92,10799411
ELECON,Elecon Engineering Company Limited,29-SEP-2006,Capital Goods,Electrical Equipment,Heavy Electrical Equipment,11162.77,287589081
ELECTCAST,Electrosteel Castings Limited,20-JUN-2003,Capital Goods,Industrial Products,Iron & Steel Products,5300.31,662787285
ELECTHERM,Electrotherm (India) Limited,20-AUG-2007,Capital Goods,Industrial Products,Iron & Steel Products,1104.55,18574791
ELGIEQUIP,Elgi Equipments Limited,22-NOV-1995,Capital Goods,Industrial Products,"Compressors, Pumps & Diesel Engines",17468.02,364144664
ELGIRUBCO,Elgi Rubber Company Limited,10-AUG-2011,Capital Goods,Industrial Products,Rubber,254.61,63812028
ELIN,Elin Electronics Limited,30-DEC-2022,Consumer Durables,Consumer Durables,Household Appliances,616.89,54452290
ELLEN,Ellenbarrie Industrial Gases Limited,01-JUL-2025,Chemicals,Chemicals & Petrochemicals,Industrial Gases,3988.48,201560537
EMAMILTD,Emami Limited,03-AUG-2006,Fast Moving Consumer Goods,Personal Products,Personal Care,20148.84,505870967
EMAMIPAP,Emami Paper Mills Limited,30-MAY-2019,Forest Materials,"Paper, Forest & Jute Products",Paper & Paper Products,462.4,72182332
EMAMIREAL,Emami Realty Limited,28-JUL-2010,Realty,Realty,"Residential, Commercial Projects",543.49,89907360
EMBDL,Embassy Developments Limited,23-MAR-2007,Realty,Realty,"Residential, Commercial Projects",6435.85,1479505747
EMCURE,Emcure Pharmaceuticals Limited,10-JUL-2024,Healthcare,Pharmaceuticals & Biotechnology,Pharmaceuticals,31054.77,200664064
EMIL,Electronics Mart India Limited,17-OCT-2022,Consumer Services,Retailing,Diversified Retail,4251.86,448982063
EMKAY,Emkay Global Financial Services Limited,28-APR-2006,Financial Services,Capital Markets,Stockbroking & Allied,615.96,30086456
EMMBI,Emmbi Industries Limited,24-FEB-2010,Capital Goods,Industrial Products,Packaging,166.52,23720799
EMMVEE,Emmvee Photovoltaic Power Limited,18-NOV-2025,Capital Goods,Electrical Equipment,Other Electrical Equipment,18259.22,839350031
EMSLIMITED,EMS Limited,21-SEP-2023,Utilities,Other Utilities,Waste Management,1989.11,69198466
EMUDHRA,eMudhra Limited,01-JUN-2022,Information Technology,IT - Services,IT Enabled Services,4070.61,98933282
ENDURANCE,Endurance Technologies Limited,19-OCT-2016,Automobile and Auto Components,Auto Components,Auto Components & Equipments,33308.96,147914923
ENERGYDEV,Energy Development Company Limited,02-NOV-2007,Power,Power,Power Generation,81.75,58061080
ENGINERSIN,Engineers India Limited,20-AUG-1997,Construction,Construction,Civil Construction,14474.28,721729234
ENIL,Entertainment Network (India) Limited,15-FEB-2006,"Media, Entertainment & Publication",Entertainment,Media & Entertainment,555.6,55471244
ENRIN,Siemens Energy India Limited,19-JUN-2025,Capital Goods,Electrical Equipment,Heavy Electrical Equipment,113687.91,435252335
ENTERO,Entero Healthcare Solutions Limited,16-FEB-2024,Consumer Services,Retailing,Pharmacy Retail,5406.67,43284526
EPACK,EPACK Durable Limited,30-JAN-2024,Consumer Durables,Consumer Durables,Household Appliances,2594.7,120208475
EPACKPEB,EPack Prefab Technologies Limited,01-OCT-2025,Capital Goods,Industrial Manufacturing,Industrial Products,2034.74,139787032
EPIGRAL,Epigral Limited,18-AUG-2021,Chemicals,Chemicals & Petrochemicals,Specialty Chemicals,5314.58,60153707
EPL,EPL Limited,11-FEB-2002,Capital Goods,Industrial Products,Packaging,7344.62,343640114
EQUIPPP,Equippp Social Impact Technologies Limited,19-MAY-2021,Information Technology,IT - Software,Computers - Software & Consulting,175.26,119549797
EQUITASBNK,Equitas Small Finance Bank Limited,02-NOV-2020,Financial Services,Banks,Other Bank,7685.41,1416665438
ERIS,Eris Lifesciences Limited,29-JUN-2017,Healthcare,Pharmaceuticals & Biotechnology,Pharmaceuticals,18816.9,141257416
ESABINDIA,Esab India Limited,01-NOV-1995,Capital Goods,Industrial Products,Other Industrial Products,9345.87,17872465
ESAFSFB,ESAF Small Finance Bank Limited,10-NOV-2023,Financial Services,Banks,Other Bank,1253.61,533678166
ESCORTS,Escorts Kubota Limited,01-MAR-1995,Capital Goods,"Agricultural, Commercial & Construction Vehicles",Tractors,36500.12,128345305
ESSARSHPNG,Essar Shipping Limited,15-NOV-2011,Services,Transport Services,Shipping,546.21,233822768
ESSENTIA,Integra Essentia Limited,20-AUG-2013,Services,Commercial Services & Supplies,Trading & Distributors,142.0,1183333286
ESTER,Ester Industries Limited,20-JUN-2011,Capital Goods,Industrial Products,Packaging,901.21,113688664
ETERNAL,ETERNAL LIMITED,23-JUL-2021,Consumer Services,Retailing,E-Retail/ E- Commerce,246556.81,10640290381
ETHOSLTD,Ethos Limited,30-MAY-2022,Consumer Durables,Consumer Durables,"Gems, Jewellery And Watches",7026.04,31572033
EUREKAFORB,Eureka Forbes Limited,11-SEP-2024,Consumer Durables,Consumer Durables,Household Appliances,9822.97,211998918
EUROBOND,Euro Panel Products Limited,01-AUG-2025,Capital Goods,Industrial Products,"Aluminium, Copper & Zinc Products",436.39,29388510
EUROPRATIK,Euro Pratik Sales Limited,23-SEP-2025,Consumer Durables,Consumer Durables,"Furniture, Home Furnishing",2739.37,122792149
EUROTEXIND,Eurotex Industries and Exports Limited,31-JAN-1996,Textiles,Textiles & Apparels,Other Textile Products,14.0,11111111
EVEREADY,Eveready Industries India Limited,27-APR-2005,Fast Moving Consumer Goods,Household Products,Household Products,2371.42,84227317
EVERESTIND,Everest Industries Limited,29-MAR-1995,Construction Materials,Other Construction Materials,Other Construction Materials,629.16,18292193
EXCELINDUS,Excel Industries Limited,16-JUN-2004,Chemicals,Chemicals & Petrochemicals,Specialty Chemicals,1180.39,13406667
EXCELSOFT,Excelsoft Technologies Limited,26-NOV-2025,Information Technology,IT - Services,IT Enabled Services,1070.28,141235157
EXICOM,Exicom Tele-Systems Limited,05-MAR-2024,Capital Goods,Electrical Equipment,Heavy Electrical Equipment,1647.96,194083138
EXIDEIND,Exide Industries Limited,17-JUN-2003,Automobile and Auto Components,Auto Components,Auto Components & Equipments,29949.75,1000827068
EXPLEOSOL,Expleo Solutions Limited,26-OCT-2009,Information Technology,IT - Services,IT Enabled Services,1271.92,17644726
EXXARO,Exxaro Tiles Limited,16-AUG-2021,Consumer Durables,Consumer Durables,Ceramics,313.19,493212606
FABTECH,Fabtech Technologies Limited,07-OCT-2025,Healthcare,Healthcare Services,"Healthcare Research, Analytics & Technology",721.39,50065238
FACT,Fertilizers and Chemicals Travancore Limited,12-APR-1995,Chemicals,Fertilizers & Agrochemicals,Fertilizers,58715.31,758840840
FAIRCHEMOR,Fairchem Organics Limited,24-DEC-2020,Chemicals,Chemicals & Petrochemicals,Specialty Chemicals,742.06,14985056
FAZE3Q,Faze Three Limited,18-NOV-2022,Textiles,Textiles & Apparels,Other Textile Products,1138.01,27359297
FCL,Fineotex Chemical Limited,15-JAN-2015,Chemicals,Chemicals & Petrochemicals,Specialty Chemicals,2679.52,1264520969
FCONSUMER,Future Consumer Limited,04-JUL-2013,Consumer Services,Retailing,Diversified Retail,67.9,2190322564
FCSSOFT,FCS Software Solutions Limited,21-SEP-2005,Information Technology,IT - Services,IT Enabled Services,288.91,2124338213
FDC,FDC Limited,07-AUG-1997,Healthcare,Pharmaceuticals & Biotechnology,Pharmaceuticals,5975.94,179323031
FEDERALBNK,The Federal Bank  Limited,08-FEB-1995,Financial Services,Banks,Private Sector Bank,72472.18,2729135128
FEDFINA,Fedbank Financial Services Limited,30-NOV-2023,Financial Services,Finance,Non Banking Financial Company (NBFC),5879.87,431518438
FEL,Future Enterprises Limited,05-NOV-2001,Consumer Services,Retailing,Diversified Retail,33.43,879736853
FELDVR,Future Enterprises Limited,13-FEB-2009,Consumer Services,Retailing,Diversified Retail,12.05,46346156
FIBERWEB,Fiberweb (India) Limited,16-FEB-2022,Textiles,Textiles & Apparels,Other Textile Products,110.36,31730881
FIEMIND,Fiem Industries Limited,19-OCT-2006,Automobile and Auto Components,Auto Components,Auto Components & Equipments,5820.33,29317130
FILATEX,Filatex India Limited,29-AUG-2011,Textiles,Textiles & Apparels,Other Textile Products,2001.37,493069720
FILATFASH,Filatex Fashions Limited,06-MAY-2024,Textiles,Textiles & Apparels,Garments & Apparels,241.69,15105625338
FINCABLES,Finolex Cables Limited,15-FEB-1995,Capital Goods,Industrial Products,Cables - Electricals,15374.23,192744055
FINEORG,Fine Organic Industries Limited,02-JUL-2018,Chemicals,Chemicals & Petrochemicals,Specialty Chemicals,14973.41,34316711
FINKURVE,Finkurve Financial Services Limited,01-OCT-2025,Financial Services,Finance,Non Banking Financial Company (NBFC),1004.02,186933535
FINOPB,Fino Payments Bank Limited,12-NOV-2021,Financial Services,Banks,Other Bank,1144.84,94001149
FINPIPE,Finolex Industries Limited,08-FEB-1995,Capital Goods,Industrial Products,Plastic Products - Industrial,10880.68,683975350
FIRSTCRY,Brainbees Solutions Limited,13-AUG-2024,Consumer Services,Retailing,E-Retail/ E- Commerce,13138.44,585674671
FISCHER,Fischer Medical Ventures Limited,10-JUL-2025,Healthcare,Healthcare Equipment & Supplies,Medical Equipment & Supplies,2462.29,605878454
FIVESTAR,Five-Star Business Finance Limited,21-NOV-2022,Financial Services,Finance,Non Banking Financial Company (NBFC),15092.31,418533271
FLAIR,Flair Writing Industries Limited,01-DEC-2023,Fast Moving Consumer Goods,Household Products,Stationary,3435.89,116077365
FLEXITUFF,Flexituff Ventures International Limited,19-OCT-2011,Textiles,Textiles & Apparels,Other Textile Products,21.96,34857142
FLFL,Future Lifestyle Fashions Limited,01-OCT-2013,Consumer Services,Retailing,Diversified Retail,30.27,248114748
FLUOROCHEM,Gujarat Fluorochemicals Limited,16-OCT-2019,Chemicals,Chemicals & Petrochemicals,Specialty Chemicals,37419.3,116807554
FMGOETZE,Federal-Mogul Goetze (India) Limited.,08-FEB-1995,Automobile and Auto Components,Auto Components,Auto Components & Equipments,2435.48,58306917
FMNL,Future Market Networks Limited,31-DEC-2010,Services,Commercial Services & Supplies,Diversified Commercial Services,56.34,72138285
FOCUS,Focus Lighting and Fixtures Limited,24-NOV-2021,Consumer Durables,Consumer Durables,Consumer Electronics,529.78,84778362
FOODSIN,Foods & Inns Limited,16-NOV-2021,Fast Moving Consumer Goods,Food Products,Packaged Foods,454.35,83443525
FORCEMOT,FORCE MOTORS LTD,14-FEB-2024,Automobile and Auto Components,Automobiles,Passenger Cars & Utility Vehicles,26411.82,12502045
FORTIS,Fortis Healthcare Limited,09-MAY-2007,Healthcare,Healthcare Services,Hospital,72007.91,912937052
FOSECOIND,Foseco India Limited,05-MAY-2003,Chemicals,Chemicals & Petrochemicals,Specialty Chemicals,3623.91,7836498
FSL,Firstsource Solutions Limited,22-FEB-2007,Services,Commercial Services & Supplies,Business Process Outsourcing (BPO)/ Knowledge Process Outsourcing (KPO),15141.0,695242910
FUSION,Fusion Finance Limited,15-NOV-2022,Financial Services,Finance,Microfinance Institutions,2904.65,196818672
GABRIEL,Gabriel India Limited,20-APR-2005,Automobile and Auto Components,Auto Components,Auto Components & Equipments,14558.31,166058056
GAEL,Gujarat Ambuja Exports Limited,11-OCT-2000,Fast Moving Consumer Goods,Agricultural Food & other Products,Other Agricultural Products,7008.95,499390787
GAIL,GAIL (India) Limited,02-APR-1997,"Oil, Gas & Consumable Fuels",Gas,Gas Transmission/Mark eting,108975.7,7688965165
GALAPREC,Gala Precision Engineering Limited,09-SEP-2024,Capital Goods,Industrial Manufacturing,Industrial Products,968.2,13205128
GALAXYSURF,Galaxy Surfactants Limited,08-FEB-2018,Chemicals,Chemicals & Petrochemicals,Specialty Chemicals,6427.24,38828248
GALLANTT,Gallantt Ispat Limited,04-APR-2006,Capital Goods,Industrial Products,Iron & Steel Products,21052.97,378718638
GANDHAR,Gandhar Oil Refinery (India) Limited,30-NOV-2023,"Oil, Gas & Consumable Fuels",Petroleum Products,Lubricants,1392.83,110087736
GANDHITUBE,Gandhi Special Tubes Limited,31-JAN-2007,Capital Goods,Industrial Products,Iron & Steel Products,1032.56,12815688
GANECOS,Ganesha Ecosphere Limited,09-MAR-2015,Textiles,Textiles & Apparels,Other Textile Products,2838.1,25565013
GANESHBE,Ganesh Benzoplast Limited,16-SEP-2021,"Oil, Gas & Consumable Fuels",Oil,Oil Storage & Transportation,738.4,93220554
GANESHCP,Ganesh Consumer Products Limited,29-SEP-2025,Fast Moving Consumer Goods,Food Products,Packaged Foods,774.23,42941208
GANESHHOU,GANESH HOUSING LIMITED,02-MAR-2007,Realty,Realty,"Residential, Commercial Projects",5525.65,101183854
GANGAFORGE,Ganga Forging Limited,06-JUL-2021,Capital Goods,Industrial Products,Castings & Forgings,38.15,143421048
GANGESSECU,Ganges Securities Limited,28-JUL-2017,Fast Moving Consumer Goods,Agricultural Food & other Products,Tea & Coffee,125.98,11240185
GARFIBRES,Garware Technical Fibres Limited,03-APR-2007,Textiles,Textiles & Apparels,Other Textile Products,6267.65,104696396
GARUDA,Garuda Construction and Engineering Limited,15-OCT-2024,Construction,Construction,Civil Construction,1604.04,106921741
GATECH,GACM Technologies Limited,25-JUL-2016,Financial Services,Finance,Other Financial Services,60.74,1412558116
GATECHDVR,GACM Technologies Limited,10-OCT-2017,Financial Services,Finance,Other Financial Services,8.91,212142864
GATEWAY,Gateway Distriparks Limited,22-MAR-2022,Services,Transport Services,Logistics Solution Provider,2892.94,532671686
GAYAHWS,Gayatri Highways Limited,28-JUN-2018,Services,Transport Infrastructure,"Road Assets–Toll, Annuity, Hybrid- Annuity",55.84,256146781
GAYAPROJ,Gayatri Projects Limited,22-AUG-2011,Construction,Construction,Civil Construction,851.99,591659738
GCSL,Gretex Corporate Services Limited,04-SEP-2025,Financial Services,Capital Markets,Other Capital Market related Services,797.64,23795942
GEECEE,GeeCee Ventures Limited,04-OCT-2006,Realty,Realty,"Residential, Commercial Projects",623.69,25762733
GEEKAYWIRE,Geekay Wires Limited,06-MAR-2020,Capital Goods,Industrial Products,Iron & Steel Products,291.09,136726157
GEMAROMA,Gem Aromatics Limited,26-AUG-2025,Chemicals,Chemicals & Petrochemicals,Specialty Chemicals,871.63,57268727
GENCON,Generic Engineering Construction and Projects Limited,16-FEB-2021,Realty,Realty,"Residential, Commercial Projects",237.86,55175133
GENESYS,Genesys International Corporation Limited,23-JAN-2003,Information Technology,IT - Services,IT Enabled Services,1141.71,48191718
GENSOL,Gensol Engineering Limited,03-JUL-2023,Capital Goods,Electrical Equipment,Other Electrical Equipment,89.0,46572474
GENUSPAPER,Genus Paper & Boards Limited,16-FEB-2015,Forest Materials,"Paper, Forest & Jute Products",Paper & Paper Products,353.81,332215974
GENUSPOWER,Genus Power Infrastructures Limited,08-JUL-2005,Capital Goods,Electrical Equipment,Other Electrical Equipment,9199.54,394001447
GEOJITFSL,Geojit Financial Services Limited,01-JUL-2005,Financial Services,Capital Markets,Stockbroking & Allied,1832.16,317862599
GESHIP,The Great Eastern Shipping Company Limited,27-NOV-2006,Services,Transport Services,Shipping,20332.9,141239930
GFLLIMITED,GFL Limited,25-MAY-1995,Financial Services,Finance,Holding Company,532.44,131694285
GFSTEELS,Grand Foundry Limited,22-JUL-2019,Capital Goods,Industrial Products,Iron & Steel Products,37.61,30428803
GHCL,GHCL Limited,31-JUL-2003,Chemicals,Chemicals & Petrochemicals,Commodity Chemicals,4719.44,103906646
GHCLTEXTIL,GHCL Textiles Limited,12-JUN-2023,Textiles,Textiles & Apparels,Other Textile Products,855.11,117202578
GICHSGFIN,GIC Housing Finance Limited,08-MAY-1996,Financial Services,Finance,Housing Finance Company,832.95,58924024
GICRE,General Insurance Corporation of India,25-OCT-2017,Financial Services,Insurance,General Insurance,70149.68,1853115368
GILLANDERS,Gillanders Arbuthnot & Company Limited,14-DEC-2009,Fast Moving Consumer Goods,Agricultural Food & other Products,Tea & Coffee,191.97,22436887
GILLETTE,Gillette India Limited,30-JUL-2003,Fast Moving Consumer Goods,Personal Products,Personal Care,26694.47,35275150
GINNIFILA,Ginni Filaments Limited,10-MAY-1995,Textiles,Textiles & Apparels,Other Textile Products,355.36,97519213
GIPCL,Gujarat Industries Power Company Limited,08-FEB-1995,Power,Power,Power Generation,2450.08,188395228
GKENERGY,GK Energy Limited,26-SEP-2025,Construction,Construction,Civil Construction,2672.32,288369489
GKSL,Gujarat Kidney And Super Speciality Limited,30-DEC-2025,Healthcare,Healthcare Services,Hospital,910.17,87710324
GKWLIMITED,GKW Limited,20-JUL-2009,Financial Services,Finance,Investment Company,929.83,6368699
GLAND,Gland Pharma Limited,20-NOV-2020,Healthcare,Pharmaceuticals & Biotechnology,Pharmaceuticals,29252.5,173235227
GLAXO,GlaxoSmithKline Pharmaceuticals Limited,15-DEC-2000,Healthcare,Pharmaceuticals & Biotechnology,Pharmaceuticals,41321.52,178764958
GLENMARK,Glenmark Pharmaceuticals Limited,07-FEB-2000,Healthcare,Pharmaceuticals & Biotechnology,Pharmaceuticals,65614.51,313674866
GLFL,Gujarat Lease Financing Limited,08-FEB-1995,Financial Services,Finance,Other Financial Services,19.77,51350651
GLOBAL,Global Education Limited,07-DEC-2020,Consumer Services,Other Consumer Services,Education,529.48,53224767
GLOBALE,Globale Tessile Limited,27-AUG-2024,Textiles,Textiles & Apparels,Trading - Textile Products,14.97,14690874
GLOBALVECT,Global Vectra Helicorp Limited,27-OCT-2006,Services,Transport Services,Airline,259.28,17044439
GLOBE,GLOBE ENTERPRISES (INDIA) LIMITED,07-OCT-2020,Textiles,Textiles & Apparels,Other Textile Products,113.51,523087539
GLOBECIVIL,Globe Civil Projects Limited,01-JUL-2025,Construction,Construction,Civil Construction,284.98,72440264
GLOBUSSPR,Globus Spirits Limited,23-SEP-2009,Fast Moving Consumer Goods,Beverages,Breweries & Distilleries,3140.5,36285384
GLOSTERLTD,Gloster Limited,26-APR-2024,Forest Materials,"Paper, Forest & Jute Products",Jute & Jute Products,657.53,12399208
GLOTTIS,Glottis Limited,07-OCT-2025,Services,Transport Services,Logistics Solution Provider,587.5,136978319
GMBREW,GM Breweries Limited,23-AUG-1995,Fast Moving Consumer Goods,Beverages,Breweries & Distilleries,2225.75,21094157
GMDCLTD,Gujarat Mineral Development Corporation Limited,17-DEC-1997,Metals & Mining,Minerals & Mining,Industrial Minerals,22213.89,381452579
GMMPFAUDLR,GMM Pfaudler Limited,05-MAR-2018,Capital Goods,Industrial Manufacturing,Industrial Products,4114.26,48349021
GMRAIRPORT,GMR AIRPORTS LIMITED,21-AUG-2006,Services,Transport Infrastructure,Airport & Airport services,101091.64,11375226384
GMRP&UI,GMR Power and Urban Infra Limited,23-MAR-2022,Power,Power,Power Generation,8524.03,862756046
GNA,GNA Axles Limited,26-SEP-2016,Automobile and Auto Components,Auto Components,Auto Components & Equipments,1891.53,50943444
GNFC,Gujarat Narmada Valley Fertilizers and Chemicals Limited,17-MAY-1995,Chemicals,Chemicals & Petrochemicals,Commodity Chemicals,6977.48,175005763
GOACARBON,Goa Carbon Limited,05-JUN-2007,Metals & Mining,Minerals & Mining,Industrial Minerals,341.52,11206563
GOCLCORP,GOCL Corporation Limited,26-JUN-2014,Chemicals,Chemicals & Petrochemicals,Explosives,1648.04,60534068
GOCOLORS,Go Fashion (India) Limited,30-NOV-2021,Consumer Services,Retailing,Speciality Retail,1664.39,60837418
GODAVARIB,Godavari Biorefineries Limited,30-OCT-2024,Fast Moving Consumer Goods,Diversified FMCG,Diversified FMCG,1677.55,53741792
GODFRYPHLP,Godfrey Phillips India Limited,24-JUL-1996,Fast Moving Consumer Goods,Cigarettes & Tobacco Products,Cigarettes & Tobacco Products,32974.54,172650608
GODIGIT,Go Digit General Insurance Limited,23-MAY-2024,Financial Services,Insurance,General Insurance,29597.84,922625970
GODREJAGRO,Godrej Agrovet Limited,16-OCT-2017,Fast Moving Consumer Goods,Food Products,Animal Feed,11636.87,204263117
GODREJCP,Godrej Consumer Products Limited,20-JUN-2001,Fast Moving Consumer Goods,Personal Products,Personal Care,111456.92,1120395269
GODREJIND,Godrej Industries Limited,25-FEB-2003,Diversified,Diversified,Diversified,33587.86,398953071
GODREJPROP,Godrej Properties Limited,05-JAN-2010,Realty,Realty,"Residential, Commercial Projects",55066.8,365091813
GOKEX,Gokaldas Exports Limited,27-APR-2005,Textiles,Textiles & Apparels,Garments & Apparels,5307.13,87309866
GOKUL,Gokul Refoils and Solvent Limited,04-JUN-2008,Fast Moving Consumer Goods,Agricultural Food & other Products,Edible Oil,400.04,104722511
GOKULAGRO,Gokul Agro Resources Limited,11-MAR-2016,Fast Moving Consumer Goods,Agricultural Food & other Products,Edible Oil,6669.55,344875641
GOLDENTOBC,Golden Tobacco Limited,08-FEB-1995,Realty,Realty,"Residential, Commercial Projects",49.3,22718893
GOLDIAM,Goldiam International Limited,29-AUG-2005,Consumer Durables,Consumer Durables,"Gems, Jewellery And Watches",4364.84,149685868
GOLDTECH,AION-TECH SOLUTIONS LIMITED,11-APR-2001,Information Technology,IT - Software,Software Products,207.64,58129897
GOODLUCK,Goodluck India Limited,08-JAN-2015,Capital Goods,Industrial Products,Iron & Steel Products,4110.77,39307418
GOPAL,Gopal Snacks Limited,14-MAR-2024,Fast Moving Consumer Goods,Food Products,Packaged Foods,3503.13,134091100
GOYALALUM,Goyal Aluminiums Limited,04-NOV-2022,Services,Commercial Services & Supplies,Trading & Distributors,101.34,169748750
GPIL,Godawari Power And Ispat limited,25-APR-2006,Capital Goods,Industrial Products,Iron & Steel Products,20010.23,723043541
GPPL,Gujarat Pipavav Port Limited,09-SEP-2010,Services,Transport Infrastructure,Port & Port services,7619.5,523389195
GPTHEALTH,GPT Healthcare Limited,29-FEB-2024,Healthcare,Healthcare Services,Hospital,1116.77,90558709
GPTINFRA,GPT Infraprojects Limited,11-JUL-2016,Construction,Construction,Civil Construction,1451.93,138993874
GRANULES,Granules India Limited,20-JUN-2005,Healthcare,Pharmaceuticals & Biotechnology,Pharmaceuticals,17219.41,280629248
GRAPHITE,Graphite India Limited,07-FEB-2003,Capital Goods,Industrial Products,Electrodes & Refractories,14375.74,225413407
GRASIM,Grasim Industries Limited,10-MAY-1995,Construction Materials,Cement & Cement Products,Cement & Cement Products,189062.72,737345317
GRAVITA,Gravita India Limited,16-NOV-2010,Metals & Mining,Minerals & Mining,Industrial Minerals,11905.3,91925722
GREAVESCOT,Greaves Cotton Limited,09-SEP-2004,Capital Goods,Industrial Products,"Compressors, Pumps & Diesel Engines",3823.62,289558494
GREENLAM,Greenlam Industries Limited,02-MAR-2015,Consumer Durables,Consumer Durables,Plywood Boards/ Laminates,5715.31,259763198
GREENPANEL,Greenpanel Industries Limited,23-OCT-2019,Consumer Durables,Consumer Durables,Plywood Boards/ Laminates,2590.26,142392389
GREENPLY,Greenply Industries Limited,06-MAR-1996,Consumer Durables,Consumer Durables,Plywood Boards/ Laminates,3096.45,158979819
GREENPOWER,Orient Green Power Company Limited,08-OCT-2010,Power,Power,Power Generation,1314.97,1418522044
GRINDWELL,Grindwell Norton Limited,11-SEP-2006,Capital Goods,Industrial Products,Abrasives & Bearings,17983.14,129570860
GRINFRA,G R Infraprojects Limited,19-JUL-2021,Construction,Construction,Civil Construction,8528.47,101018300
GRMOVER,GRM Overseas Limited,07-SEP-2022,Fast Moving Consumer Goods,Agricultural Food & other Products,Other Agricultural Products,3401.35,218764477
GROBTEA,The Grob Tea Company Limited,14-JUL-2016,Fast Moving Consumer Goods,Agricultural Food & other Products,Tea & Coffee,108.27,1266316
GROWW,Billionbrains Garage Ventures Limited,12-NOV-2025,Financial Services,Capital Markets,Stockbroking & Allied,134687.85,8171814344
GRPLTD,GRP Limited,12-FEB-2015,Capital Goods,Industrial Products,Rubber,1030.88,5425970
GRSE,Garden Reach Shipbuilders & Engineers Limited,10-OCT-2018,Capital Goods,Aerospace & Defense,Aerospace & Defense,32663.36,144829332
GRWRHITECH,Garware Hi-Tech Films Limited,03-FEB-2022,Capital Goods,Industrial Products,Plastic Products - Industrial,9381.24,25331426
GSFC,Gujarat State Fertilizers & Chemicals Limited,06-SEP-1995,Chemicals,Fertilizers & Agrochemicals,Fertilizers,6969.37,458813053
GSLSU,Global Surfaces Limited,23-MAR-2023,Consumer Durables,Consumer Durables,Granites & Marbles,253.53,52048862
GSPL,Gujarat State Petronet Limited,16-FEB-2006,"Oil, Gas & Consumable Fuels",Gas,Gas Transmission/Mark eting,15880.29,665644864
GSS,GSS Infotech Limited,07-MAR-2008,Information Technology,IT - Services,IT Enabled Services,38.87,31678890
GTECJAINX,G-TEC JAINX EDUCATION LIMITED,13-NOV-2020,Consumer Services,Other Consumer Services,E-Learning,19.64,10342286
GTL,GTL Limited,29-MAR-1995,Telecommunic ation,Telecom - Services,Other Telecom Services,114.83,192023411
GTLINFRA,GTL Infrastructure Limited,09-NOV-2006,Telecommunic ation,Telecom - Services,Telecom - Infrastructure,1588.33,15272404406
GTPL,GTPL Hathway Limited,04-JUL-2017,"Media, Entertainment & Publication",Entertainment,TV Broadcasting & Software Production,750.8,124552093
GUFICBIO,Gufic Biosciences Limited,19-OCT-2004,Healthcare,Pharmaceuticals & Biotechnology,Pharmaceuticals,2946.3,102089395
GUJALKALI,Gujarat Alkalies and Chemicals Limited,07-AUG-1997,Chemicals,Chemicals & Petrochemicals,Commodity Chemicals,5409.96,89650508
GUJAPOLLO,Gujarat Apollo Industries Limited,04-JUN-2007,Capital Goods,Industrial Manufacturing,Industrial Products,562.7,13338864
GUJGASLTD,Gujarat Gas Limited,15-SEP-2015,"Oil, Gas & Consumable Fuels",Gas,LPG/CNG/PNG/LN G Supplier,26365.34,855739678
GUJRAFFIA,Gujarat Raffia Industries Limited,09-OCT-1996,Capital Goods,Industrial Products,Packaging,22.37,5814921
GUJTHEM,Gujarat Themis Biosyn Limited,25-FEB-2025,Healthcare,Pharmaceuticals & Biotechnology,Pharmaceuticals,3906.08,155428755
GULFOILLUB,Gulf Oil Lubricants India Limited,31-JUL-2014,"Oil, Gas & Consumable Fuels",Petroleum Products,Lubricants,4916.13,55287111
GULFPETRO,GP Petroleums Limited,24-SEP-2004,"Oil, Gas & Consumable Fuels",Petroleum Products,Lubricants,167.13,61063206
GULPOLY,Gulshan Polyols Limited,28-JAN-2015,Fast Moving Consumer Goods,Agricultural Food & other Products,Other Agricultural Products,1119.05,74538731
GVKPIL,GVK Power & Infrastructure Limited,27-FEB-2006,Construction,Construction,Civil Construction,497.45,2030408124
GVPIL,GE Power India Limited,19-APR-2000,Capital Goods,Electrical Equipment,Heavy Electrical Equipment,3748.6,91206813
GVPTECH,GVP Infotech Limited,06-SEP-2022,Information Technology,IT - Software,Computers - Software & Consulting,120.14,195032472
GVT&D,GE Vernova T&D India Limited,30-JUN-2008,Capital Goods,Electrical Equipment,Heavy Electrical Equipment,116676.86,305261005
HAL,Hindustan Aeronautics Limited,28-MAR-2018,Capital Goods,Aerospace & Defense,Aerospace & Defense,288262.09,781833713
HALDER,Halder Venture Limited,19-JAN-2026,Fast Moving Consumer Goods,Agricultural Food & other Products,Other Agricultural Products,304.66,12041897
HALEOSLABS,HALEOS LABS LIMITED,17-AUG-2017,Healthcare,Pharmaceuticals & Biotechnology,Pharmaceuticals,411.41,3194921
HAPPSTMNDS,Happiest Minds Technologies Limited,17-SEP-2020,Information Technology,IT - Software,Computers - Software & Consulting,5724.01,145593542
HAPPYFORGE,Happy Forgings Limited,27-DEC-2023,Capital Goods,Industrial Products,Castings & Forgings,12617.49,106154217
HARDWYN,Hardwyn India Limited,12-APR-2022,Consumer Durables,Consumer Durables,"Furniture, Home Furnishing",1280.67,633367974
HARIOMPIPE,Hariom Pipe Industries Limited,13-APR-2022,Capital Goods,Industrial Products,Iron & Steel Products,1014.8,32478795
HARRMALAYA,Harrisons  Malayalam Limited,08-FEB-1995,Capital Goods,Industrial Products,Rubber,419.41,23533273
HARSHA,Harsha Engineers International Limited,26-SEP-2022,Capital Goods,Industrial Products,Other Industrial Products,3573.48,107134766
HATHWAY,Hathway Cable & Datacom Limited,25-FEB-2010,"Media, Entertainment & Publication",Entertainment,TV Broadcasting & Software Production,1964.82,2009018460
HATSUN,Hatsun Agro Product Limited,20-JUN-2014,Fast Moving Consumer Goods,Food Products,Dairy Products,22187.95,245972510
HAVELLS,Havells India Limited,21-MAR-2001,Consumer Durables,Consumer Durables,Consumer Electronics,79918.79,676933692
HAVISHA,Sri Havisha Hospitality and Infrastructure Limited,16-FEB-2000,Consumer Services,Leisure Services,Hotels & Resorts,24.26,177080291
HBLENGINE,HBL Engineering Limited,04-JAN-2007,Capital Goods,Industrial Products,Other Industrial Products,22441.7,336255607
HBSL,HB Stockholdings Limited,23-JUL-2018,Financial Services,Finance,Non Banking Financial Company (NBFC),45.51,9941023
HCC,Hindustan Construction Company Limited,01-APR-2003,Construction,Construction,Civil Construction,5424.92,3522675412
HCG,Healthcare Global Enterprises Limited,30-MAR-2016,Healthcare,Healthcare Services,Hospital,8621.46,163378052
HCL-INSYS,HCL Infosystems Limited,01-JAN-1997,Information Technology,IT - Hardware,Computers Hardware & Equipments,409.87,355173311
HCLTECH,HCL Technologies Limited,06-JAN-2000,Information Technology,IT - Software,Computers - Software & Consulting,333292.35,2422430560
HDBFS,HDB Financial Services Limited,02-JUL-2025,Financial Services,Finance,Non Banking Financial Company (NBFC),55640.23,961718627
HDFCAMC,HDFC Asset Management Company Limited,06-AUG-2018,Financial Services,Capital Markets,Asset Management Company,118067.09,502712616
HDFCBANK,HDFC Bank Limited,08-NOV-1995,Financial Services,Banks,Private Sector Bank,1215909.15,16192690245
HDFCLIFE,HDFC Life Insurance Company Limited,17-NOV-2017,Financial Services,Insurance,Life Insurance,128886.56,2276745550
HDIL,Housing Development and Infrastructure Limited,24-JUL-2007,Realty,Realty,"Residential, Commercial Projects",101.44,522886583
HEADSUP,Heads UP Ventures Limited,14-DEC-2016,Textiles,Textiles & Apparels,Trading - Textile Products,16.12,23127691
HECPROJECT,HEC Infra Projects Limited,30-DEC-2021,Construction,Construction,Civil Construction,146.63,14994376
HEG,HEG Limited,10-MAY-1995,Capital Goods,Industrial Products,Electrodes & Refractories,12816.6,233029091
HEIDELBERG,HeidelbergCement India Limited,15-MAR-1995,Construction Materials,Cement & Cement Products,Cement & Cement Products,3632.61,248502544
HEMIPROP,Hemisphere Properties India Limited,22-OCT-2020,Services,Commercial Services & Supplies,Diversified Commercial Services,3677.07,311774625
HERANBA,Heranba Industries Limited,05-MAR-2021,Chemicals,Fertilizers & Agrochemicals,Pesticides & Agrochemicals,912.87,51920712
HERITGFOOD,Heritage Foods Limited,27-NOV-1996,Fast Moving Consumer Goods,Food Products,Dairy Products,3342.51,107148898
HEROMOTOCO,Hero MotoCorp Limited,11-APR-2003,Automobile and Auto Components,Automobiles,2/3 Wheelers,100905.27,201347441
HESTERBIO,Hester Biosciences Limited,13-MAR-2015,Healthcare,Pharmaceuticals & Biotechnology,Pharmaceuticals,1419.54,10000986
HEXATRADEX,Hexa Tradex Limited,20-APR-2012,Financial Services,Finance,Investment Company,935.16,59973068
HEXT,Hexaware Technologies Limited,19-FEB-2025,Information Technology,IT - Software,Computers - Software & Consulting,27547.66,632238663
HFCL,HFCL Limited,09-MAR-2011,Telecommunic ation,Telecom - Services,Telecom - Infrastructure,16330.0,2276910168
HGINFRA,H.G. Infra Engineering Limited,09-MAR-2018,Construction,Construction,Civil Construction,4000.53,82929727
HGM,HandsOn Global Management (HGM) Limited,27-SEP-2006,Information Technology,IT - Services,IT Enabled Services,67.26,13822441
HGS,Hinduja Global Solutions Limited,19-JUN-2007,Services,Commercial Services & Supplies,Business Process Outsourcing (BPO)/ Knowledge Process Outsourcing (KPO),1913.61,52651257
HIKAL,Hikal Limited,14-FEB-2001,Healthcare,Pharmaceuticals & Biotechnology,Pharmaceuticals,2332.23,144894999
HILINFRA,Highway Infrastructure Limited,12-AUG-2025,Services,Transport Infrastructure,"Road Assets–Toll, Annuity, Hybrid- Annuity",369.43,78803326
HILTON,Hilton Metal Forging Limited,24-MAY-2007,Capital Goods,Industrial Products,Castings & Forgings,126.5,58537712
HIMATSEIDE,Himatsingka Seide Limited,08-FEB-1995,Textiles,Textiles & Apparels,Other Textile Products,1137.84,140491422
HINDALCO,Hindalco Industries Limited,08-JAN-1997,Metals & Mining,Non - Ferrous Metals,Aluminium,238610.51,2604207476
HINDCOMPOS,Hindustan Composites Limited,08-MAY-1996,Automobile and Auto Components,Auto Components,Auto Components & Equipments,692.08,18976693
HINDCON,Hindcon Chemicals Limited,05-JUL-2021,Chemicals,Chemicals & Petrochemicals,Specialty Chemicals,116.71,64516307
HINDCOPPER,Hindustan Copper Limited,15-SEP-2010,Metals & Mining,Non - Ferrous Metals,Copper,54090.49,1092406153
HINDOILEXP,Hindustan Oil Exploration Company Limited,23-SEP-2003,"Oil, Gas & Consumable Fuels",Oil,Oil Exploration & Production,2027.29,163570273
HINDPETRO,Hindustan Petroleum Corporation Limited,17-JUN-1998,"Oil, Gas & Consumable Fuels",Petroleum Products,Refineries & Marketing,81048.76,2486158282
HINDUNILVR,Hindustan Unilever Limited,06-JUL-1995,Fast Moving Consumer Goods,Diversified FMCG,Diversified FMCG,547055.33,2648793478
HINDWAREAP,Hindware Home Innovation Limited,26-DEC-2019,Consumer Durables,Consumer Durables,Sanitary Ware,1869.66,94455895
HINDZINC,Hindustan Zinc Limited,21-NOV-2006,Metals & Mining,Non - Ferrous Metals,Zinc,265350.03,5238937895
HIRECT,Hind Rectifiers Limited,26-DEC-2006,Capital Goods,Industrial Manufacturing,Industrial Products,3210.62,46312586
HISARMETAL,Hisar Metal Industries Limited,05-JAN-2017,Capital Goods,Industrial Products,Iron & Steel Products,85.32,6145646
HITECH,Hi-Tech Pipes Limited,07-MAY-2018,Capital Goods,Industrial Products,Iron & Steel Products,1848.69,239716018
HITECHCORP,Hitech Corporation Limited,20-DEC-2007,Capital Goods,Industrial Products,Packaging,238.55,17902439
HITECHGEAR,The Hi-Tech Gears Limited,21-JAN-2002,Automobile and Auto Components,Auto Components,Auto Components & Equipments,1159.1,20657638
HLEGLAS,HLE Glascoat Limited,09-FEB-2023,Capital Goods,Industrial Manufacturing,Industrial Products,2275.68,85231461
HLVLTD,HLV LIMITED,19-JUL-1995,Consumer Services,Leisure Services,Hotels & Resorts,580.15,755403663
HMAAGRO,HMA Agro Industries Limited,04-JUL-2023,Fast Moving Consumer Goods,Food Products,Meat Products including Poultry,1222.88,517074004
HMT,HMT Limited,29-AUG-2003,Capital Goods,Industrial Manufacturing,Industrial Products,2235.67,362580280
HMVL,Hindustan Media Ventures Limited,21-JUL-2010,"Media, Entertainment & Publication",Media,Print Media,491.39,79874837
HNDFDS,Hindustan Foods Limited,06-JUN-2023,Fast Moving Consumer Goods,Diversified FMCG,Diversified FMCG,5868.94,119664387
HOMEFIRST,Home First Finance Company India Limited,03-FEB-2021,Financial Services,Finance,Housing Finance Company,12021.2,125318739
HONASA,Honasa Consumer Limited,07-NOV-2023,Fast Moving Consumer Goods,Personal Products,Personal Care,11309.85,372034539
HONAUT,Honeywell Automation India Limited,18-JUL-2003,Capital Goods,Industrial Manufacturing,Industrial Products,28155.4,10472531
HONDAPOWER,Honda India Power Products Limited,01-APR-2003,Capital Goods,Industrial Manufacturing,Industrial Products,2271.16,11464715
HPAL,HP Adhesives Limited,27-DEC-2021,Chemicals,Chemicals & Petrochemicals,Specialty Chemicals,349.49,111090277
HPIL,Hindprakash Industries Limited,07-NOV-2022,Chemicals,Chemicals & Petrochemicals,Dyes And Pigments,156.94,13843168
HPL,HPL Electric & Power Limited,04-OCT-2016,Capital Goods,Industrial Manufacturing,Industrial Products,2418.02,81277983
HSCL,Himadri Speciality Chemical Limited,02-MAR-2007,Chemicals,Chemicals & Petrochemicals,Carbon Black,28791.67,642456106
HTMEDIA,HT Media Limited,01-SEP-2005,"Media, Entertainment & Publication",Media,Print Media,526.3,251337147
HUBTOWN,Hubtown Limited,07-FEB-2007,Realty,Realty,"Residential, Commercial Projects",2955.55,159217256
HUDCO,Housing & Urban Development Corporation Limited,19-MAY-2017,Financial Services,Finance,Financial Institution,43024.83,2561306768
HUHTAMAKI,Huhtamaki India Limited,01-OCT-2004,Capital Goods,Industrial Products,Packaging,1359.02,84148994
HYBRIDFIN,Hybrid Financial Services Limited,05-DEC-2022,Financial Services,Capital Markets,Stockbroking & Allied,56.66,32211484
HYUNDAI,Hyundai Motor India Limited,22-OCT-2024,Automobile and Auto Components,Automobiles,Passenger Cars & Utility Vehicles,149312.55,872407537
IBULLSLTD,Indiabulls Limited,18-AUG-2011,Services,Commercial Services & Supplies,Diversified Commercial Services,4011.88,3809952613
ICDSLTD,ICDS Limited,17-NOV-1999,Services,Commercial Services & Supplies,Diversified Commercial Services,62.97,15351048
ICEMAKE,Ice Make Refrigeration Limited,12-OCT-2020,Capital Goods,Industrial Manufacturing,Industrial Products,1281.0,18063879
ICICIAMC,ICICI Prudential Asset Management Company Limited,19-DEC-2025,Financial Services,Capital Markets,Asset Management Company,161993.23,569536361
ICICIBANK,ICICI Bank Limited,17-SEP-1997,Financial Services,Banks,Private Sector Bank,941603.63,7744724397
ICICIGI,ICICI Lombard General Insurance Company Limited,27-SEP-2017,Financial Services,Insurance,General Insurance,88269.63,522583810
ICICIPRULI,ICICI Prudential Life Insurance Company Limited,29-SEP-2016,Financial Services,Insurance,Life Insurance,75336.12,1496545906
ICIL,Indo Count Industries Limited,12-SEP-2005,Textiles,Textiles & Apparels,Other Textile Products,5306.67,214436900
ICRA,ICRA Limited,13-APR-2007,Financial Services,Capital Markets,Ratings,5299.49,10374883
IDBI,IDBI Bank Limited,20-SEP-1995,Financial Services,Banks,Private Sector Bank,83374.13,11987652961
IDEA,Vodafone Idea Limited,09-MAR-2007,Telecommunic ation,Telecom - Services,Telecom - Cellular & Fixed line services,104984.4,122359441647
IDEAFORGE,Ideaforge Technology Limited,07-JUL-2023,Capital Goods,Aerospace & Defense,Aerospace & Defense,2381.03,60096666
IDFCFIRSTB,IDFC First Bank Limited,06-NOV-2015,Financial Services,Banks,Private Sector Bank,60447.7,10037811155
IEX,Indian Energy Exchange Limited,23-OCT-2017,Financial Services,Capital Markets,Exchange and Data Platform,11275.45,944184406
IFBAGRO,IFB Agro Industries Limited,03-APR-1996,Fast Moving Consumer Goods,Beverages,Breweries & Distilleries,826.76,10918647
IFBIND,IFB Industries Limited,29-MAR-1995,Consumer Durables,Consumer Durables,Household Appliances,4819.45,50677708
IFCI,IFCI Limited,26-APR-1995,Financial Services,Finance,Financial Institution,16526.92,3151586658
IFGLEXPOR,IFGL Refractories Limited,14-NOV-2017,Capital Goods,Industrial Products,Electrodes & Refractories,1400.06,102045192
IGARASHI,Igarashi Motors India Limited,09-OCT-2003,Automobile and Auto Components,Auto Components,Auto Components & Equipments,1235.55,41939918
IGCL,Indogulf Cropsciences Limited,03-JUL-2025,Chemicals,Fertilizers & Agrochemicals,Pesticides & Agrochemicals,397.81,60892391
IGIL,International Gemmological Institute (India) Limited,20-DEC-2024,Services,Commercial Services & Supplies,Diversified Commercial Services,15378.4,480049936
IGL,Indraprastha Gas Limited,26-DEC-2003,"Oil, Gas & Consumable Fuels",Gas,LPG/CNG/PNG/LN G Supplier,23083.23,1577693280
IGPL,IG Petrochemicals Limited,29-JAN-2007,Chemicals,Chemicals & Petrochemicals,Commodity Chemicals,1332.49,37978908
IIFL,IIFL Finance Limited,17-MAY-2005,Financial Services,Finance,Non Banking Financial Company (NBFC),18457.57,424409525
IIFLCAPS,IIFL Capital Services Limited,20-SEP-2019,Financial Services,Capital Markets,Stockbroking & Allied,9968.4,381857899
IITL,Industrial Investment Trust Limited,17-AUG-2010,Financial Services,Finance,Investment Company,358.03,27111162
IKIO,IKIO Technologies Limited,16-JUN-2023,Consumer Durables,Consumer Durables,Consumer Electronics,1121.19,92286610
IKS,Inventurus Knowledge Solutions Limited,19-DEC-2024,Information Technology,IT - Services,IT Enabled Services,25819.86,192269413
IL&FSENGG,IL&FS Engineering and Construction Company Limited,25-OCT-2007,Construction,Construction,Civil Construction,352.72,146661127
IL&FSTRANS,IL&FS Transportation Networks Limited,30-MAR-2010,Construction,Construction,Civil Construction,80.27,422473690
IMAGICAA,Imagicaaworld Entertainment Limited,06-APR-2015,Consumer Services,Leisure Services,Amusement Parks/ Other Recreation,2699.16,647746609
IMFA,Indian Metals & Ferro Alloys Limited,23-JUL-2010,Metals & Mining,Ferrous Metals,Ferro & Silica Manganese,8211.28,65298449
IMPAL,India Motor Parts and Accessories Limited,07-OCT-2005,Automobile and Auto Components,Auto Components,Trading - Auto Components,1254.24,12924979
IMPEXFERRO,Impex Ferro Tech Limited,03-FEB-2005,Metals & Mining,Ferrous Metals,Ferro & Silica Manganese,14.51,106691175
INCREDIBLE,INCREDIBLE INDUSTRIES LIMITED,01-JUL-2016,Capital Goods,Industrial Products,Iron & Steel Products,163.44,52824821
INDBANK,Indbank Merchant Banking Services Limited,08-OCT-2008,Financial Services,Capital Markets,Stockbroking & Allied,151.87,47999369
INDGN,Indegene Limited,13-MAY-2024,Healthcare,Healthcare Services,"Healthcare Research, Analytics & Technology",11979.74,253485820
INDHOTEL,The Indian Hotels Company Limited,03-JUL-1996,Consumer Services,Leisure Services,Hotels & Resorts,92217.06,1582446332
INDIACEM,The India Cements Limited,31-MAY-2000,Construction Materials,Cement & Cement Products,Cement & Cement Products,13483.63,375640884
INDIAGLYCO,India Glycols Limited,01-JUL-2005,Fast Moving Consumer Goods,Beverages,Breweries & Distilleries,6501.93,72683808
INDIAMART,Indiamart Intermesh Limited,04-JUL-2019,Consumer Services,Retailing,Internet & Catalogue Retail,12735.47,63081232
INDIANB,Indian Bank,01-MAR-2007,Financial Services,Banks,Public Sector Bank,122930.67,1413971320
INDIANCARD,Indian Card Clothing Company Limited,08-JAN-1997,Textiles,Textiles & Apparels,Other Textile Products,124.25,7461566
INDIANHUME,Indian Hume Pipe Company Limited,30-AUG-1995,Capital Goods,Industrial Manufacturing,Industrial Products,1690.29,53788067
INDIASHLTR,India Shelter Finance Corporation Limited,20-DEC-2023,Financial Services,Finance,Housing Finance Company,8917.68,116838257
INDIGO,InterGlobe Aviation Limited,10-NOV-2015,Services,Transport Services,Airline,176361.53,420559270
INDIGOPNTS,Indigo Paints Limited,02-FEB-2021,Consumer Durables,Consumer Durables,Paints,4146.35,54017068
INDIQUBE,Indiqube Spaces Limited,30-JUL-2025,Services,Commercial Services & Supplies,Diversified Commercial Services,3738.15,260679927
INDNIPPON,India Nippon Electricals Limited,07-MAY-1997,Automobile and Auto Components,Auto Components,Auto Components & Equipments,1827.36,25837540
INDOAMIN,Indo Amines Limited,29-APR-2022,Chemicals,Chemicals & Petrochemicals,Specialty Chemicals,827.28,85453984
INDOBORAX,Indo Borax & Chemicals Limited,29-MAR-2022,Chemicals,Chemicals & Petrochemicals,Commodity Chemicals,789.7,32076851
INDOCO,Indoco Remedies Limited,14-JAN-2005,Healthcare,Pharmaceuticals & Biotechnology,Pharmaceuticals,1929.05,103003525
INDOFARM,Indo Farm Equipment Limited,07-JAN-2025,Capital Goods,"Agricultural, Commercial & Construction Vehicles",Tractors,706.79,56907409
INDORAMA,Indo Rama Synthetics (India) Limited,20-JUN-2003,Textiles,Textiles & Apparels,Other Textile Products,1034.01,317570625
INDOSTAR,IndoStar Capital Finance Limited,21-MAY-2018,Financial Services,Finance,Non Banking Financial Company (NBFC),3177.79,162447095
INDOTECH,Indo Tech Transformers Limited,16-MAR-2006,Capital Goods,Electrical Equipment,Heavy Electrical Equipment,2506.11,20016853
INDOTHAI,Indo Thai Securities Limited,02-NOV-2011,Financial Services,Capital Markets,Stockbroking & Allied,3257.19,111796462
INDOUS,Indo Us Biotech Limited,27-SEP-2024,Fast Moving Consumer Goods,Agricultural Food & other Products,Other Agricultural Products,208.46,19868472
INDOWIND,Indowind Energy Limited,14-SEP-2007,Power,Power,Power Generation,177.75,229354839
INDRAMEDCO,Indraprastha Medical Corporation Limited,17-APR-1997,Healthcare,Healthcare Services,Hospital,3794.35,94953702
INDSWFTLAB,Ind-Swift Laboratories Limited,02-JUL-1997,Healthcare,Pharmaceuticals & Biotechnology,Pharmaceuticals,1166.21,83990634
INDTERRAIN,Indian Terrain Fashions Limited,11-MAR-2011,Textiles,Textiles & Apparels,Garments & Apparels,156.26,54200486
INDUSINDBK,IndusInd Bank Limited,28-JAN-1998,Financial Services,Banks,Private Sector Bank,70131.23,900619351
INDUSTOWER,Indus Towers Limited,28-DEC-2012,Telecommunic ation,Telecom - Services,Telecom - Infrastructure,106133.29,2498135541
INFOBEAN,InfoBeans Technologies Limited,15-JUL-2019,Information Technology,IT - Software,Computers - Software & Consulting,1794.04,126314160
INFOMEDIA,Infomedia Press Limited,12-OCT-2006,"Media, Entertainment & Publication",Printing & Publication,Printing & Publication,29.26,56053642
INFY,Infosys Limited,08-FEB-1995,Information Technology,IT - Software,Computers - Software & Consulting,474629.6,3648751401
INGERRAND,Ingersoll Rand (India) Limited,15-APR-1999,Capital Goods,Industrial Products,"Compressors, Pumps & Diesel Engines",13366.52,36630639
INNOVACAP,Innova Captab Limited,29-DEC-2023,Healthcare,Pharmaceuticals & Biotechnology,Pharmaceuticals,4109.04,58333899
INNOVANA,Innovana Thinklabs Limited,17-DEC-2024,Information Technology,IT - Software,Computers - Software & Consulting,783.43,22130791
INOXGREEN,Inox Green Energy Services Limited,23-NOV-2022,Power,Power,Power Generation,7311.57,505711019
INOXINDIA,INOX India Limited,21-DEC-2023,Capital Goods,Industrial Products,Other Industrial Products,13724.35,110475324
INOXWIND,Inox Wind Limited,09-APR-2015,Capital Goods,Electrical Equipment,Heavy Electrical Equipment,17989.23,2261373892
INSECTICID,Insecticides (India) Limited,30-MAY-2007,Chemicals,Fertilizers & Agrochemicals,Pesticides & Agrochemicals,2026.08,33285362
INSPIRISYS,Inspirisys Solutions Limited,30-OCT-2006,Information Technology,IT - Services,IT Enabled Services,322.16,43499866
INTELLECT,Intellect Design Arena Limited,18-DEC-2014,Information Technology,IT - Software,Computers - Software & Consulting,9913.63,150685965
INTENTECH,Intense Technologies Limited,23-MAR-2017,Information Technology,IT - Services,IT Enabled Services,234.0,23928827
INTERARCH,Interarch Building Solutions Limited,26-AUG-2024,Construction,Construction,Civil Construction,3539.2,19849692
INTLCONV,International Conveyors Limited,16-SEP-2021,Capital Goods,Industrial Manufacturing,Industrial Products,486.52,73692824
INVENTURE,Inventure Growth & Securities Limited,04-AUG-2011,Financial Services,Capital Markets,Stockbroking & Allied,105.0,1082474195
IOB,Indian Overseas Bank,07-DEC-2000,Financial Services,Banks,Public Sector Bank,68014.28,20742384294
IOC,Indian Oil Corporation Limited,24-JUL-1996,"Oil, Gas & Consumable Fuels",Petroleum Products,Refineries & Marketing,206537.23,15398286922
IOLCP,IOL Chemicals and Pharmaceuticals Limited,08-NOV-2010,Healthcare,Pharmaceuticals & Biotechnology,Pharmaceuticals,2708.97,350494238
IONEXCHANG,ION Exchange (India) Limited,22-FEB-2022,Utilities,Other Utilities,Water Supply & Management,5989.86,172370072
IPCALAB,IPCA Laboratories Limited,08-FEB-1995,Healthcare,Pharmaceuticals & Biotechnology,Pharmaceuticals,39103.43,262738888
IPL,India Pesticides Limited,05-JUL-2021,Chemicals,Fertilizers & Agrochemicals,Pesticides & Agrochemicals,1732.63,125380271
IRB,IRB Infrastructure Developers Limited,25-FEB-2008,Construction,Construction,Civil Construction,26402.51,12111243543
IRCON,Ircon International Limited,28-SEP-2018,Construction,Construction,Civil Construction,14483.0,1159010892
IRCTC,Indian Railway Catering And Tourism Corporation Limited,14-OCT-2019,Consumer Services,Leisure Services,"Tour, Travel Related Services",43608.0,852051603
IREDA,Indian Renewable Energy Development Agency Limited,29-NOV-2023,Financial Services,Finance,Financial Institution,38767.39,3390720621
IRFC,Indian Railway Finance Corporation Limited,29-JAN-2021,Financial Services,Finance,Financial Institution,137964.22,15022237097
IRIS,IRIS RegTech Solutions Limited,08-NOV-2021,Information Technology,IT - Software,Software Products,498.7,21820170
IRISDOREME,Iris Clothings Limited,22-FEB-2021,Textiles,Textiles & Apparels,Garments & Apparels,686.14,219004150
IRMENERGY,IRM Energy Limited,26-OCT-2023,"Oil, Gas & Consumable Fuels",Gas,LPG/CNG/PNG/LN G Supplier,1360.68,73625887
ISFT,Intrasoft Technologies Limited,12-APR-2010,Consumer Services,Retailing,E-Retail/ E- Commerce,123.33,19773930
ISGEC,Isgec Heavy Engineering Limited,05-MAY-2021,Construction,Construction,Civil Construction,8048.91,88062473
ISHANCH,Ishan Dyes and Chemicals Limited,24-MAR-2025,Chemicals,Chemicals & Petrochemicals,Specialty Chemicals,169.81,31569064
ITC,ITC Limited,23-AUG-1995,Fast Moving Consumer Goods,Diversified FMCG,Diversified FMCG,380707.89,13000098414
ITCHOTELS,ITC Hotels Limited,29-JAN-2025,Consumer Services,Leisure Services,Hotels & Resorts,33473.43,2260343766
ITDC,India Tourism Development Corporation Limited,30-DEC-2016,Consumer Services,Leisure Services,Hotels & Resorts,5159.89,127184862
ITI,ITI Limited,15-SEP-2003,Telecommunic ation,Telecom - Equipment & Accessories,Telecom - Equipment & Accessories,28862.99,1132637044
IVALUE,Ivalue Infosolutions Limited,25-SEP-2025,Information Technology,IT - Services,IT Enabled Services,1461.85,66983594
IVC,IL&FS Investment Managers Limited,15-SEP-1999,Financial Services,Capital Markets,Asset Management Company,244.32,348034189
IVP,IVP Limited,13-SEP-1995,Chemicals,Chemicals & Petrochemicals,Specialty Chemicals,148.29,11859405
IXIGO,Le Travenues Technology Limited,18-JUN-2024,Consumer Services,Leisure Services,"Tour, Travel Related Services",7422.81,445520075
IZMO,IZMO Limited,05-FEB-2007,Information Technology,IT - Services,IT Enabled Services,1106.93,16303557
J&KBANK,The Jammu & Kashmir Bank Limited,22-JUL-1998,Financial Services,Banks,Private Sector Bank,14229.48,1253036307
JAGRAN,Jagran Prakashan Limited,22-FEB-2006,"Media, Entertainment & Publication",Media,Print Media,1436.3,232148056
JAGSNPHARM,Jagsonpal Pharmaceuticals Limited,01-MAR-2000,Healthcare,Pharmaceuticals & Biotechnology,Pharmaceuticals,1367.42,73430351
JAIBALAJI,Jai Balaji Industries Limited,09-DEC-2003,Metals & Mining,Ferrous Metals,Iron & Steel,7130.46,1231725700
JAICORPLTD,Jai Corp Limited,26-NOV-1997,Capital Goods,Industrial Products,Plastic Products - Industrial,2093.42,217565992
JAINREC,Jain Resource Recycling Limited,01-OCT-2025,Metals & Mining,Diversified Metals,Diversified Metals,14488.43,312621202
JAIPURKURT,Nandani Creation Limited,02-SEP-2021,Textiles,Textiles & Apparels,Garments & Apparels,63.17,22987628
JAMNAAUTO,Jamna Auto Industries Limited,10-DEC-2010,Automobile and Auto Components,Auto Components,Auto Components & Equipments,4977.74,428967594
JARO,Jaro Institute of Technology Management and Research Limited,30-SEP-2025,Consumer Services,Other Consumer Services,E-Learning,927.64,21210472
JASH,Jash Engineering Limited,30-OCT-2019,Capital Goods,Industrial Manufacturing,Industrial Products,2677.52,72808853
JAYAGROGN,Jayant Agro Organics Limited,17-APR-1996,Chemicals,Chemicals & Petrochemicals,Specialty Chemicals,603.54,36329380
JAYBARMARU,Jay Bharat Maruti Limited,03-JAN-1996,Automobile and Auto Components,Auto Components,Auto Components & Equipments,1004.99,119712929
JAYKAY,Jaykay Enterprises Limited,03-DEC-2025,Capital Goods,Aerospace & Defense,Aerospace & Defense,2219.05,158741692
JAYNECOIND,Jayaswal Neco Industries Limited,10-MAY-1995,Capital Goods,Industrial Products,Iron & Steel Products,10103.24,1279053079
JAYSREETEA,Jayshree Tea & Industries Limited,15-FEB-1995,Fast Moving Consumer Goods,Agricultural Food & other Products,Tea & Coffee,257.7,33017295
JBCHEPHARM,JB Chemicals & Pharmaceuticals Limited,29-APR-2003,Healthcare,Pharmaceuticals & Biotechnology,Pharmaceuticals,32874.4,167632453
JBMA,JBM Auto Limited,17-DEC-2004,Automobile and Auto Components,Auto Components,Auto Components & Equipments,14869.58,264724580
JETFREIGHT,Jet Freight Logistics Limited,21-DEC-2021,Services,Transport Services,Logistics Solution Provider,95.64,53760537
JGCHEM,J.G.Chemicals Limited,13-MAR-2024,Chemicals,Chemicals & Petrochemicals,Commodity Chemicals,1614.66,47870147
JHS,JHS Svendgaard Laboratories Limited,21-OCT-2006,Fast Moving Consumer Goods,Personal Products,Personal Care,80.15,100690954
JINDALPHOT,Jindal Photo Limited,07-APR-2005,Financial Services,Finance,Investment Company,1155.81,10888460
JINDALPOLY,Jindal Poly Films Limited,21-JAN-2002,Capital Goods,Industrial Products,Packaging,3029.58,39225482
JINDALSAW,Jindal Saw Limited,29-APR-2003,Capital Goods,Industrial Products,Iron & Steel Products,15678.82,817499377
JINDALSTEL,JINDAL STEEL LIMITED,29-DEC-1999,Metals & Mining,Ferrous Metals,Iron & Steel,130387.66,1145862178
JINDRILL,Jindal Drilling And Industries Limited,22-DEC-2006,"Oil, Gas & Consumable Fuels",Oil,Offshore Support Solution Drilling,1571.3,32569177
JINDWORLD,Jindal Worldwide Limited,25-NOV-2010,Textiles,Textiles & Apparels,Other Textile Products,2639.85,1310749791
JIOFIN,Jio Financial Services Limited,21-AUG-2023,Financial Services,Finance,Investment Company,167482.08,7298330274
JISLDVREQS,Jain Irrigation Systems Limited,30-NOV-2011,Capital Goods,Industrial Products,Plastic Products - Industrial,46.04,22349514
JISLJALEQS,Jain Irrigation Systems Limited,13-AUG-2001,Capital Goods,Industrial Products,Plastic Products - Industrial,2408.54,817008154
JITFINFRA,JITF Infralogistics Limited,27-FEB-2017,Utilities,Other Utilities,Water Supply & Management,784.09,25703656
JKCEMENT,JK Cement Limited,14-MAR-2006,Construction Materials,Cement & Cement Products,Cement & Cement Products,43320.44,83783851
JKIL,J.Kumar Infraprojects Limited,12-FEB-2008,Construction,Construction,Civil Construction,3908.88,86022888
JKIPL,Jinkushal Industries Limited,03-OCT-2025,Capital Goods,"Agricultural, Commercial & Construction Vehicles","Dealers– Commercial Vehicles, Tractors,",352.04,61793925
JKLAKSHMI,JK Lakshmi Cement Limited,19-JUN-2006,Construction Materials,Cement & Cement Products,Cement & Cement Products,8163.74,138803701
JKPAPER,JK Paper Limited,16-JUN-2005,Forest Materials,"Paper, Forest & Jute Products",Paper & Paper Products,6784.04,205732828
JKTYRE,JK Tyre & Industries Limited,19-MAR-2007,Automobile and Auto Components,Auto Components,Tyres & Rubber Products,11671.4,300074550
JLHL,Jupiter Life Line Hospitals Limited,18-SEP-2023,Healthcare,Healthcare Services,Hospital,8324.26,67726468
JMA,Jullundur Motor Agency (Delhi) Limited,16-MAR-2015,Automobile and Auto Components,Auto Components,Trading - Auto Components,208.1,25780475
JMFINANCIL,JM Financial Limited,10-OCT-2006,Financial Services,Finance,Holding Company,13444.09,1118942141
JNKINDIA,JNK India Limited,30-APR-2024,Capital Goods,Industrial Manufacturing,Industrial Products,2124.07,85751717
JOCIL,Jocil Limited,08-OCT-2008,Chemicals,Chemicals & Petrochemicals,Commodity Chemicals,114.03,11118370
JPOLYINVST,Jindal Poly Investment and Finance Company Limited,11-NOV-2013,Financial Services,Finance,Investment Company,1186.05,11021745
JPPOWER,Jaiprakash Power Ventures Limited,18-APR-2005,Power,Power,Power Generation,13453.34,8962917918
JSFB,Jana Small Finance Bank Limited,14-FEB-2024,Financial Services,Banks,Other Bank,5025.03,134827739
JSL,Jindal Stainless Limited,17-NOV-2003,Metals & Mining,Ferrous Metals,Iron & Steel,63513.29,884832698
JSLL,Jeena Sikho Lifecare Limited,11-AUG-2025,Healthcare,Pharmaceuticals & Biotechnology,Pharmaceuticals,8492.85,140007424
JSWCEMENT,JSW Cement Limited,14-AUG-2025,Construction Materials,Cement & Cement Products,Cement & Cement Products,17073.42,1472608215
JSWENERGY,JSW Energy Limited,04-JAN-2010,Power,Power,Power Generation,100833.43,2053215816
JSWHL,JSW Holdings Limited,21-JUN-2005,Financial Services,Finance,Investment Company,14394.48,12079960
JSWINFRA,JSW Infrastructure Limited,03-OCT-2023,Services,Transport Infrastructure,Port & Port services,59747.14,2476565389
JSWSTEEL,JSW Steel Limited,23-MAR-2005,Metals & Mining,Ferrous Metals,Iron & Steel,313678.38,2748430444
JTEKTINDIA,Jtekt India Limited,12-JAN-2004,Automobile and Auto Components,Auto Components,Auto Components & Equipments,3598.67,283047823
JTLIND,JTL INDUSTRIES LIMITED,12-JUN-2023,Capital Goods,Industrial Products,Iron & Steel Products,3097.21,620932224
JUBLCPL,Jubilant Agri and Consumer Products Limited,14-FEB-2025,Chemicals,Chemicals & Petrochemicals,Specialty Chemicals,2671.38,15525863
JUBLFOOD,Jubilant Foodworks Limited,08-FEB-2010,Consumer Services,Leisure Services,Restaurants,32009.09,716808664
JUBLINGREA,Jubilant Ingrevia Limited,19-MAR-2021,Chemicals,Chemicals & Petrochemicals,Specialty Chemicals,11700.79,202033834
JUBLPHARMA,Jubilant Pharmova Limited,16-JUN-2003,Healthcare,Pharmaceuticals & Biotechnology,Pharmaceuticals,15212.35,181250449
JUNIPER,Juniper Hotels Limited,28-FEB-2024,Consumer Services,Leisure Services,Hotels & Resorts,4651.63,228278446
JUSTDIAL,Just Dial Limited,05-JUN-2013,Consumer Services,Retailing,Internet & Catalogue Retail,4563.92,88559624
JWL,Jupiter Wagons Limited,18-OCT-2010,Capital Goods,Industrial Manufacturing,Railway Wagons,12427.5,484295262
JYOTHYLAB,Jyothy Labs Limited,19-DEC-2007,Fast Moving Consumer Goods,Household Products,Household Products,9857.87,473822151
JYOTICNC,Jyoti CNC Automation Limited,16-JAN-2024,Capital Goods,Industrial Manufacturing,Industrial Products,17300.07,223630695
JYOTISTRUC,Jyoti Structures Limited,19-JUL-1995,Capital Goods,Electrical Equipment,Heavy Electrical Equipment,1545.79,1476399198
KABRAEXTRU,Kabra Extrusion Technik Limited,06-SEP-1995,Capital Goods,Industrial Manufacturing,Industrial Products,862.36,41619692
KAJARIACER,Kajaria Ceramics Limited,01-JUN-2004,Consumer Durables,Consumer Durables,Ceramics,19690.04,202146094
KAKATCEM,Kakatiya Cement Sugar & Industries Limited,13-DEC-1995,Construction Materials,Cement & Cement Products,Cement & Cement Products,105.72,11245612
KALAMANDIR,Sai Silks (Kalamandir) Limited,27-SEP-2023,Consumer Services,Retailing,Speciality Retail,1598.38,166602039
KALPATARU,Kalpataru Limited,01-JUL-2025,Realty,Realty,"Residential, Commercial Projects",6732.36,234128335
KALYANIFRG,Kalyani Forge Limited,20-DEC-2007,Capital Goods,Industrial Products,Castings & Forgings,220.27,3764656
KALYANKJIL,Kalyan Jewellers India Limited,26-MAR-2021,Consumer Durables,Consumer Durables,"Gems, Jewellery And Watches",42719.3,1083283868
KAMATHOTEL,Kamat Hotels (I) Limited,29-MAY-1996,Consumer Services,Leisure Services,Hotels & Resorts,500.45,31204015
KAMDHENU,Kamdhenu Limited,09-MAY-2006,Capital Goods,Industrial Products,Iron & Steel Products,643.54,336931930
KAMOPAINTS,Kamdhenu Ventures Limited,24-JAN-2023,Consumer Durables,Consumer Durables,Paints,180.95,424765235
KANANIIND,Kanani Industries Limited,14-DEC-2011,Consumer Durables,Consumer Durables,"Gems, Jewellery And Watches",33.64,266984129
KANORICHEM,Kanoria Chemicals & Industries Limited,08-FEB-1995,Capital Goods,Industrial Manufacturing,Industrial Products,372.85,57995022
KANPRPLA,Kanpur Plastipack Limited,01-JAN-2021,Capital Goods,Industrial Products,Packaging,504.89,28361419
KANSAINER,Kansai Nerolac Paints Limited,15-SEP-2003,Consumer Durables,Consumer Durables,Paints,16277.48,911393026
KAPSTON,Kapston Services Limited,27-MAY-2020,Services,Commercial Services & Supplies,Diversified Commercial Services,1047.78,37102692
KARMAENG,Karma Energy Limited,28-JUN-2011,Power,Power,Power Generation,60.94,16281058
KARURVYSYA,Karur Vysya Bank Limited,26-JUL-2000,Financial Services,Banks,Private Sector Bank,28782.6,1055661128
KAUSHALYA,Kaushalya Infrastructure Development Corporation Limited,14-DEC-2007,Consumer Services,Leisure Services,Hotels & Resorts,31.12,384672
KAVDEFENCE,Kavveri Defence & Wireless Technologies Limited,29-JAN-2008,Telecommunic ation,Telecom - Equipment & Accessories,Telecom - Equipment & Accessories,394.23,69541367
KAYA,Kaya Limited,14-AUG-2015,Consumer Services,Leisure Services,Wellness,410.35,15593768
KAYNES,Kaynes Technology India Limited,22-NOV-2022,Capital Goods,Industrial Manufacturing,Industrial Products,28115.0,79465800
KCP,KCP Limited,09-APR-1997,Construction Materials,Cement & Cement Products,Cement & Cement Products,2294.15,169911860
KCPSUGIND,KCP Sugar and Industries Corporation Limited,11-JUN-1997,Fast Moving Consumer Goods,Agricultural Food & other Products,Sugar,293.44,121961765
KDDL,KDDL Limited,23-MAR-2016,Consumer Durables,Consumer Durables,"Gems, Jewellery And Watches",3117.01,14047547
KEC,KEC International Limited,10-MAR-2006,Construction,Construction,Civil Construction,15337.11,289652691
KECL,Kirloskar Electric Company Limited,09-MAR-2010,Capital Goods,Electrical Equipment,Other Electrical Equipment,850.57,97834136
KEEPLEARN,DSJ Keep Learning Limited,01-MAR-1995,Consumer Services,Other Consumer Services,Education,32.86,187771429
KEI,KEI Industries Limited,23-MAR-2006,Capital Goods,Industrial Products,Cables - Electricals,46736.26,115452333
KELLTONTEC,Kellton Tech Solutions Limited,02-MAR-2016,Information Technology,IT - Services,IT Enabled Services,851.31,563781443
KERNEX,Kernex Microsystems (India) Limited,20-DEC-2005,Services,Transport Services,Transport Related Services,2249.84,23473733
KESORAMIND,Kesoram Industries Limited,06-SEP-1995,Construction Materials,Cement & Cement Products,Cement & Cement Products,320.65,374154039
KEYFINSERV,Keynote Financial Services Limited,26-JUN-1996,Financial Services,Capital Markets,Stockbroking & Allied,164.77,7026439
KFINTECH,Kfin Technologies Limited,29-DEC-2022,Financial Services,Capital Markets,"Depositories, Clearing Houses and Other Intermediaries",16575.74,183329531
KHADIM,Khadim India Limited,14-NOV-2017,Consumer Durables,Consumer Durables,Footwear,189.13,22759327
KHAICHEM,Khaitan Chemicals & Fertilizers Limited,30-OCT-2020,Chemicals,Fertilizers & Agrochemicals,Fertilizers,522.77,101312018
KHAITANLTD,Khaitan (India) Limited,20-DEC-1995,Consumer Durables,Consumer Durables,Consumer Electronics,65.2,6581205
KHANDSE,Khandwala Securities Limited,07-FEB-2001,Financial Services,Capital Markets,Stockbroking & Allied,24.63,17605433
KICL,Kalyani Investment Company Limited,14-JAN-2011,Financial Services,Finance,Investment Company,2095.15,4931505
KILITCH,Kilitch Drugs (India) Limited,29-SEP-2010,Healthcare,Pharmaceuticals & Biotechnology,Pharmaceuticals,535.51,38623154
KIMS,Krishna Institute of Medical Sciences Limited,28-JUN-2021,Healthcare,Healthcare Services,Hospital,26987.37,430936048
KINGFA,Kingfa Science & Technology (India) Limited,15-NOV-2016,Capital Goods,Industrial Products,Plastic Products - Industrial,6578.25,15690144
KIOCL,KIOCL Limited,29-NOV-2016,Metals & Mining,Ferrous Metals,Sponge Iron,25154.82,734018649
KIRIINDUS,Kiri Industries Limited,22-APR-2008,Chemicals,Chemicals & Petrochemicals,Dyes And Pigments,2700.24,71987202
KIRLOSBROS,Kirloskar Brothers Limited,20-APR-2010,Capital Goods,Industrial Products,"Compressors, Pumps & Diesel Engines",13833.03,98532871
KIRLOSENG,Kirloskar Oil Engines Limited,24-DEC-2010,Capital Goods,Industrial Products,"Compressors, Pumps & Diesel Engines",24436.3,176575617
KIRLOSIND,Kirloskar Industries Limited,24-JUN-2010,Capital Goods,Industrial Products,Other Industrial Products,3497.2,12656798
KIRLPNU,Kirloskar Pneumatic Company Limited,26-APR-2023,Capital Goods,Industrial Products,"Compressors, Pumps & Diesel Engines",9407.89,86287165
KITEX,Kitex Garments Limited,25-SEP-2012,Textiles,Textiles & Apparels,Garments & Apparels,3309.9,212568227
KKCL,Kewal Kiran Clothing Limited,13-APR-2006,Textiles,Textiles & Apparels,Garments & Apparels,2950.61,66725688
KMEW,Knowledge Marine & Engineering Works Limited,14-NOV-2024,Services,Engineering Services,Dredging,4318.3,27229333
KMSUGAR,K.M.Sugar Mills Limited,31-MAY-2007,Fast Moving Consumer Goods,Agricultural Food & other Products,Sugar,272.32,105061728
KNAGRI,KN Agri Resources Limited,09-DEC-2025,Fast Moving Consumer Goods,Agricultural Food & other Products,Edible Oil,479.78,25653940
KNRCON,KNR Constructions Limited,18-FEB-2008,Construction,Construction,Civil Construction,3439.22,284045255
KOHINOOR,Kohinoor Foods Limited,20-OCT-1999,Fast Moving Consumer Goods,Agricultural Food & other Products,Other Agricultural Products,103.43,48879963
KOKUYOCMLN,Kokuyo Camlin Limited,28-JUL-2008,Fast Moving Consumer Goods,Household Products,Stationary,937.14,123911151
KOLTEPATIL,Kolte - Patil Developers Limited,13-DEC-2007,Realty,Realty,"Residential, Commercial Projects",3384.03,110516978
KOPRAN,Kopran Limited,09-JUN-1999,Healthcare,Pharmaceuticals & Biotechnology,Pharmaceuticals,773.58,64475744
KOTAKBANK,Kotak Mahindra Bank Limited,20-DEC-1995,Financial Services,Banks,Private Sector Bank,374782.8,10468793296
KOTARISUG,Kothari Sugars And Chemicals Limited,13-DEC-2004,Fast Moving Consumer Goods,Agricultural Food & other Products,Sugar,224.88,94487398
KOTHARIPET,Kothari Petrochemicals Limited,02-NOV-1996,Chemicals,Chemicals & Petrochemicals,Petrochemicals,792.25,71931179
KOTHARIPRO,Kothari Products Limited,03-JUN-1998,Services,Commercial Services & Supplies,Trading & Distributors,439.42,70931395
KPEL,K.P. Energy Limited,14-NOV-2024,Power,Power,Power Generation,2447.71,87141225
KPIGREEN,KPI Green Energy Limited,27-JUL-2021,Power,Power,Power Generation,9100.38,235030468
KPIL,Kalpataru Projects International Limited,15-DEC-2000,Construction,Construction,Civil Construction,21544.66,194780404
KPITTECH,KPIT Technologies Limited,22-APR-2019,Information Technology,IT - Software,Computers - Software & Consulting,20157.79,289290906
KPRMILL,K.P.R. Mill Limited,28-AUG-2007,Textiles,Textiles & Apparels,Other Textile Products,31945.94,384937210
KRBL,KRBL Limited,21-JAN-2002,Fast Moving Consumer Goods,Agricultural Food & other Products,Other Agricultural Products,8619.99,280324878
KREBSBIO,Krebs Biochemicals and Industries Limited,03-JAN-1996,Healthcare,Pharmaceuticals & Biotechnology,Pharmaceuticals,128.33,26943102
KRIDHANINF,Kridhan Infra Limited,11-DEC-2015,Construction,Construction,Civil Construction,26.09,127268296
KRISHANA,Krishana Phoschem Limited,22-AUG-2019,Chemicals,Fertilizers & Agrochemicals,Fertilizers,4159.06,77133900
KRISHIVAL,Krishival Foods Limited,20-JUN-2025,Fast Moving Consumer Goods,Food Products,Other Food Products,895.39,27863388
KRISHNADEF,Krishna Defence And Allied Industries Limited,30-DEC-2025,Capital Goods,Aerospace & Defense,Aerospace & Defense,1615.2,18354545
KRITI,Kriti Industries (India) Limited,01-NOV-2021,Capital Goods,Industrial Products,Plastic Products - Industrial,423.41,60617038
KRITIKA,Kritika Wires Limited,04-MAY-2022,Capital Goods,Industrial Products,Iron & Steel Products,177.34,342355224
KRITINUT,Kriti Nutrients Limited,07-OCT-2022,Fast Moving Consumer Goods,Agricultural Food & other Products,Edible Oil,500.88,82030788
KRN,KRN Heat Exchanger and Refrigeration Limited,03-OCT-2024,Capital Goods,Industrial Products,Other Industrial Products,8256.57,95138218
KRONOX,Kronox Lab Sciences Limited,10-JUN-2024,Chemicals,Chemicals & Petrochemicals,Specialty Chemicals,476.64,40080727
KROSS,Kross Limited,16-SEP-2024,Automobile and Auto Components,Auto Components,Auto Components & Equipments,1218.71,76221778
KRSNAA,Krsnaa Diagnostics Limited,16-AUG-2021,Healthcare,Healthcare Services,Healthcare Service Provider,1946.48,35361612
KRYSTAL,Krystal Integrated Services Limited,21-MAR-2024,Services,Commercial Services & Supplies,Diversified Commercial Services,832.94,15744070
KSB,Ksb Limited,08-FEB-1995,Capital Goods,Industrial Products,"Compressors, Pumps & Diesel Engines",17404.79,207620067
KSCL,Kaveri Seed Company Limited,04-OCT-2007,Fast Moving Consumer Goods,Agricultural Food & other Products,Other Agricultural Products,4768.66,57082354
KSHINTL,KSH International Limited,23-DEC-2025,Capital Goods,Industrial Products,Cables - Electricals,4610.1,102823685
KSHITIJPOL,Kshitij Polyline Limited,27-JUL-2022,Chemicals,Chemicals & Petrochemicals,Printing Inks,45.04,196681226
KSL,Kalyani Steels Limited,19-MAY-2010,Capital Goods,Industrial Products,Iron & Steel Products,3491.37,55786053
KSOLVES,Ksolves India Limited,23-SEP-2022,Information Technology,IT - Software,Computers - Software & Consulting,774.68,27108515
KSR,KSR Footwear Limited,27-NOV-2025,Services,Commercial Services & Supplies,Trading & Distributors,63.11,19654313
KTKBANK,The Karnataka Bank Limited,10-MAY-2000,Financial Services,Banks,Private Sector Bank,9617.91,422821029
KUANTUM,Kuantum Papers Limited,23-OCT-2019,Forest Materials,"Paper, Forest & Jute Products",Paper & Paper Products,710.06,101509654
LAGNAM,Lagnam Spintex Limited,30-SEP-2021,Textiles,Textiles & Apparels,Other Textile Products,143.63,22449203
LAKPRE,Lakshmi Precision Screws Limited,26-SEP-2006,Automobile and Auto Components,Auto Components,Auto Components & Equipments,5.45,11377871
LAL,Lorenzini Apparels Limited,10-APR-2023,Textiles,Textiles & Apparels,Garments & Apparels,126.96,176333338
LALPATHLAB,Dr. Lal Path Labs Ltd.,23-DEC-2015,Healthcare,Healthcare Services,Healthcare Service Provider,23725.79,178563941
LAMBODHARA,Lambodhara Textiles Limited,04-FEB-2015,Textiles,Textiles & Apparels,Other Textile Products,107.79,11534511
LANCORHOL,Lancor Holdings Limited,12-MAR-2024,Realty,Realty,"Residential, Commercial Projects",175.86,85785366
LANDMARK,Landmark Cars Limited,23-DEC-2022,Automobile and Auto Components,Automobiles,Auto Dealer,1730.75,42681874
LAOPALA,La Opala RG Limited,16-MAR-2007,Consumer Durables,Consumer Durables,Glass - Consumer,2001.33,112973755
LASA,Lasa Supergenerics Limited,21-SEP-2017,Healthcare,Pharmaceuticals & Biotechnology,Pharmaceuticals,40.53,64951925
LATENTVIEW,Latent View Analytics Limited,23-NOV-2021,Information Technology,IT - Software,Computers - Software & Consulting,6132.22,196482534
LATTEYS,Latteys Industries Limited,23-MAY-2023,Capital Goods,Industrial Products,"Compressors, Pumps & Diesel Engines",121.2,63455496
LAURUSLABS,Laurus Labs Limited,19-DEC-2016,Healthcare,Pharmaceuticals & Biotechnology,Pharmaceuticals,60655.59,581605030
LAXMICOT,Laxmi Cotspin Limited,12-NOV-2021,Textiles,Textiles & Apparels,Other Textile Products,25.88,20870968
LAXMIDENTL,Laxmi Dental Limited,20-JAN-2025,Healthcare,Healthcare Equipment & Supplies,Medical Equipment & Supplies,1057.86,58668960
LAXMIINDIA,Laxmi India Finance Limited,05-AUG-2025,Financial Services,Finance,Non Banking Financial Company (NBFC),606.88,75831564
LCCINFOTEC,LCC Infotech Limited,02-MAR-2000,Consumer Services,Other Consumer Services,Education,58.49,108919928
LEMERITE,Le Merite Exports Limited,12-DEC-2025,Textiles,Textiles & Apparels,Other Textile Products,1129.52,25499943
LEMONTREE,Lemon Tree Hotels Limited,09-APR-2018,Consumer Services,Leisure Services,Hotels & Resorts,9493.49,877077807
LENSKART,Lenskart Solutions Limited,10-NOV-2025,Consumer Services,Retailing,Speciality Retail,91057.66,1877671053
LEXUS,Lexus Granito (India) Limited,13-MAR-2023,Consumer Durables,Consumer Durables,"Furniture, Home Furnishing",38.01,17067804
LFIC,Lakshmi Finance & Industrial Corporation Limited,15-APR-2015,Financial Services,Finance,Investment Company,41.92,3528026
LGBBROSLTD,LG Balakrishnan & Bros Limited,30-MAR-2010,Automobile and Auto Components,Auto Components,Auto Components & Equipments,5631.88,32967745
LGEINDIA,LG Electronics India Limited,14-OCT-2025,Consumer Durables,Consumer Durables,Household Appliances,108997.27,826488216
LGHL,Laxmi Goldorna House Limited,10-NOV-2023,Consumer Durables,Consumer Durables,"Gems, Jewellery And Watches",1323.6,55878753
LIBAS,Libas Consumer Products Limited,23-JUL-2019,Textiles,Textiles & Apparels,Garments & Apparels,32.14,31665026
LIBERTSHOE,Liberty Shoes Limited,27-SEP-1995,Consumer Durables,Consumer Durables,Footwear,447.79,19055704
LICHSGFIN,LIC Housing Finance Limited,29-JUL-1998,Financial Services,Finance,Housing Finance Company,29873.92,577385361
LICI,Life Insurance Corporation Of India,17-MAY-2022,Financial Services,Insurance,Life Insurance,518333.56,7053597023
LIKHITHA,Likhitha Infrastructure Limited,15-OCT-2020,Construction,Construction,Civil Construction,890.03,51664827
LINC,Linc Limited,09-MAR-2015,Fast Moving Consumer Goods,Household Products,Stationary,582.82,58948112
LINCOLN,Lincoln Pharmaceuticals Limited,17-DEC-2015,Healthcare,Pharmaceuticals & Biotechnology,Pharmaceuticals,1245.85,20595965
LINDEINDIA,Linde India Limited,16-JUN-1999,Chemicals,Chemicals & Petrochemicals,Industrial Gases,61759.78,84643021
LLOYDSENGG,LLOYDS ENGINEERING WORKS LIMITED,18-JUL-2016,Capital Goods,Industrial Manufacturing,Industrial Products,8244.89,1958871459
LLOYDSENT,Lloyds Enterprises Limited,17-OCT-2024,Metals & Mining,Metals & Minerals Trading,Trading - Metals,10356.24,2275596656
LLOYDSME,Lloyds Metals And Energy Limited,17-JUL-2023,Metals & Mining,Minerals & Mining,Industrial Minerals,97384.33,701464572
LMW,LMW Limited,29-MAR-1995,Capital Goods,Industrial Manufacturing,Industrial Products,15499.96,12590334
LODHA,Lodha Developers Limited,19-APR-2021,Realty,Realty,"Residential, Commercial Projects",87856.96,1262221989
LOKESHMACH,Lokesh Machines Limited,05-MAY-2006,Capital Goods,Industrial Manufacturing,Industrial Products,536.31,25034309
LORDSCHLO,Lords Chloro Alkali Limited,28-AUG-2023,Chemicals,Chemicals & Petrochemicals,Commodity Chemicals,423.33,34403087
LOTUSDEV,Sri Lotus Developers and Realty Limited,06-AUG-2025,Realty,Realty,"Residential, Commercial Projects",7220.4,634593081
LOTUSEYE,Lotus Eye Hospital and Institute Limited,11-JUL-2008,Healthcare,Healthcare Services,Hospital,256.94,25064871
LOVABLE,Lovable Lingerie Limited,24-MAR-2011,Textiles,Textiles & Apparels,Garments & Apparels,113.97,18531707
LOYALTEX,Loyal Textile Mills Limited,11-AUG-2022,Textiles,Textiles & Apparels,Other Textile Products,96.88,5239589
LPDC,Landmark Property Development Company Limited,12-AUG-2008,Realty,Realty,Real Estate related services,105.97,183656846
LT,Larsen & Toubro Limited,23-JUN-2004,Construction,Construction,Civil Construction,557626.26,1543345728
LTF,L&T Finance Limited,12-AUG-2011,Financial Services,Finance,Non Banking Financial Company (NBFC),72082.73,2999073358
LTFOODS,LT Foods Limited,18-DEC-2006,Fast Moving Consumer Goods,Agricultural Food & other Products,Other Agricultural Products,14890.21,385706786
LTTS,L&T Technology Services Limited,23-SEP-2016,Information Technology,IT - Services,IT Enabled Services,38052.74,113675101
LUMAXIND,Lumax Industries Limited,06-SEP-1995,Automobile and Auto Components,Auto Components,Auto Components & Equipments,4722.97,9870366
LUMAXTECH,Lumax Auto Technologies Limited,16-JAN-2007,Automobile and Auto Components,Auto Components,Auto Components & Equipments,11911.24,73804076
LUPIN,Lupin Limited,10-SEP-2001,Healthcare,Pharmaceuticals & Biotechnology,Pharmaceuticals,106271.28,467229193
LUXIND,Lux Industries Limited,30-NOV-2015,Textiles,Textiles & Apparels,Garments & Apparels,4983.48,54670397
LXCHEM,Laxmi Organic Industries Limited,25-MAR-2021,Chemicals,Chemicals & Petrochemicals,Specialty Chemicals,4124.63,349544915
LYKALABS,Lyka Labs Limited,08-FEB-1995,Healthcare,Pharmaceuticals & Biotechnology,Pharmaceuticals,208.61,37567082
LYPSAGEMS,Lypsa Gems & Jewellery Limited,05-NOV-2013,Consumer Durables,Consumer Durables,"Gems, Jewellery And Watches",16.54,34675053
M&M,Mahindra & Mahindra Limited,03-JAN-1996,Automobile and Auto Components,Automobiles,Passenger Cars & Utility Vehicles,385792.38,1280978804
M&MFIN,Mahindra & Mahindra Financial Services Limited,17-MAR-2006,Financial Services,Finance,Non Banking Financial Company (NBFC),44159.38,1548636891
MAANALU,Maan Aluminium Limited,22-OCT-2007,Metals & Mining,Non - Ferrous Metals,Aluminium,984.41,77537020
MACPOWER,Macpower CNC Machines Limited,19-AUG-2020,Capital Goods,Industrial Manufacturing,Industrial Products,1138.82,13239783
MADHAV,Madhav Marbles and Granites Limited,20-DEC-2007,Consumer Durables,Consumer Durables,Granites & Marbles,34.56,10749611
MADHUCON,Madhucon Projects Limited,05-OCT-2006,Construction,Construction,Civil Construction,37.56,91386858
MADRASFERT,Madras Fertilizers Limited,25-JUL-1997,Chemicals,Fertilizers & Agrochemicals,Fertilizers,1109.5,188658387
MAGADSUGAR,Magadh Sugar & Energy Limited,28-JUL-2017,Fast Moving Consumer Goods,Agricultural Food & other Products,Sugar,741.92,15035363
MAGNUM,Magnum Ventures Limited,20-SEP-2007,Forest Materials,"Paper, Forest & Jute Products",Paper & Paper Products,147.84,71076926
MAHABANK,Bank of Maharashtra,12-APR-2004,Financial Services,Banks,Public Sector Bank,61340.15,9600900076
MAHAPEXLTD,Maha Rashtra Apex Corporation Limited,21-JAN-1998,Financial Services,Finance,Other Financial Services,147.06,32144262
MAHASTEEL,Mahamaya Steel Industries Limited,01-JUL-2016,Capital Goods,Industrial Products,Iron & Steel Products,1383.28,14715745
MAHEPC,Mahindra EPC Irrigation Limited,14-FEB-2020,Capital Goods,Industrial Manufacturing,Industrial Products,321.65,31240288
MAHESHWARI,Maheshwari Logistics Limited,15-APR-2019,Diversified,Diversified,Diversified,149.08,33843360
MAHLIFE,Mahindra Lifespace Developers Limited,10-MAY-2000,Realty,Realty,"Residential, Commercial Projects",6979.51,218485201
MAHLOG,Mahindra Logistics Limited,10-NOV-2017,Services,Transport Services,Logistics Solution Provider,4077.55,117187810
MAHSCOOTER,Maharashtra Scooters Limited,08-FEB-1995,Financial Services,Finance,Investment Company,14214.85,12483402
MAHSEAMLES,Maharashtra Seamless Limited,25-AUG-2004,Capital Goods,Industrial Products,Iron & Steel Products,8672.61,147393094
MAITHANALL,Maithan Alloys Limited,05-JUL-2011,Metals & Mining,Ferrous Metals,Ferro & Silica Manganese,2912.61,32082503
MALLCOM,Mallcom (India) Limited,02-FEB-2022,Capital Goods,Industrial Products,Other Industrial Products,679.79,6777230
MALUPAPER,Malu Paper Mills Limited,05-APR-2006,Forest Materials,"Paper, Forest & Jute Products",Paper & Paper Products,55.95,18165585
MAMATA,Mamata Machinery Limited,27-DEC-2024,Capital Goods,Industrial Manufacturing,Industrial Products,997.23,29124708
MANAKALUCO,Manaksia Aluminium Company Limited,30-MAR-2015,Metals & Mining,Non - Ferrous Metals,Aluminium,230.55,98357506
MANAKCOAT,Manaksia Coated Metals & Industries Limited,30-MAR-2015,Capital Goods,Industrial Products,Iron & Steel Products,1136.34,109316021
MANAKSIA,Manaksia Limited,08-JAN-2008,Capital Goods,Industrial Products,Iron & Steel Products,399.95,84987248
MANAKSTEEL,Manaksia Steels Limited,30-MAR-2015,Metals & Mining,Ferrous Metals,Iron & Steel,480.36,96264526
MANALIPETC,Manali Petrochemicals Limited,06-DEC-2006,Chemicals,Chemicals & Petrochemicals,Petrochemicals,942.21,219834341
MANAPPURAM,Manappuram Finance Limited,01-DEC-2014,Financial Services,Finance,Non Banking Financial Company (NBFC),24394.25,953645415
MANBA,Manba Finance Limited,30-SEP-2024,Financial Services,Finance,Non Banking Financial Company (NBFC),545.5,51540062
MANCREDIT,Mangal Credit and Fincorp Limited,16-AUG-2024,Financial Services,Finance,Non Banking Financial Company (NBFC),360.44,21360673
MANGALAM,Mangalam Drugs And Organics Limited,23-MAY-2005,Healthcare,Pharmaceuticals & Biotechnology,Pharmaceuticals,44.0,14890017
MANGLMCEM,Mangalam Cement Limited,03-JAN-1996,Construction Materials,Cement & Cement Products,Cement & Cement Products,2523.56,31366106
MANINDS,Man Industries (India) Limited,24-JUN-2005,Capital Goods,Industrial Products,Iron & Steel Products,4200.91,119854779
MANINFRA,Man Infraconstruction Limited,11-MAR-2010,Construction,Construction,Civil Construction,4701.5,550011677
MANKIND,Mankind Pharma Limited,09-MAY-2023,Healthcare,Pharmaceuticals & Biotechnology,Pharmaceuticals,93658.36,468643282
MANOMAY,Manomay Tex India Limited,18-JAN-2023,Textiles,Textiles & Apparels,Other Textile Products,421.35,18335509
MANORAMA,Manorama Industries Limited,01-JUL-2022,Fast Moving Consumer Goods,Food Products,Other Food Products,8601.01,70517425
MANORG,Mangalam Organics Limited,02-NOV-2021,Chemicals,Chemicals & Petrochemicals,Commodity Chemicals,390.07,10094979
MANUGRAPH,Manugraph India Limited,14-SEP-2006,Capital Goods,Industrial Manufacturing,Industrial Products,41.0,36347519
MANYAVAR,Vedant Fashions Limited,16-FEB-2022,Consumer Services,Retailing,Speciality Retail,10891.27,295156369
MAPMYINDIA,C.E. Info Systems Limited,21-DEC-2021,Information Technology,IT - Software,Software Products,5141.52,58713257
MARALOVER,Maral Overseas Limited,08-FEB-1995,Textiles,Textiles & Apparels,Other Textile Products,192.73,49647090
MARATHON,Marathon Nextgen Realty Limited,29-SEP-2016,Realty,Realty,"Residential, Commercial Projects",3192.03,77693318
MARICO,Marico Limited,01-MAY-1996,Fast Moving Consumer Goods,Agricultural Food & other Products,Edible Oil,102164.32,1341883802
MARINE,Marine Electricals (India) Limited,02-DEC-2020,Capital Goods,Industrial Manufacturing,Industrial Products,3212.56,186451535
MARKOLINES,Markolines Pavement Technologies Limited,14-OCT-2025,Construction,Construction,Civil Construction,340.01,23087526
MARKSANS,Marksans Pharma Limited,21-JAN-2002,Healthcare,Pharmaceuticals & Biotechnology,Pharmaceuticals,8706.18,517762731
MARUTI,Maruti Suzuki India Limited,09-JUL-2003,Automobile and Auto Components,Automobiles,Passenger Cars & Utility Vehicles,415703.08,329113356
MASFIN,MAS Financial Services Limited,18-OCT-2017,Financial Services,Finance,Non Banking Financial Company (NBFC),5840.98,197597425
MASKINVEST,Mask Investments Limited,14-OCT-2016,Financial Services,Finance,Investment Company,51.81,4126643
MASTEK,Mastek Limited,10-MAY-1995,Information Technology,IT - Software,Computers - Software & Consulting,5380.21,35670688
MASTERTR,Master Trust Limited,12-NOV-2024,Financial Services,Capital Markets,Stockbroking & Allied,939.84,126611876
MATRIMONY,Matrimony.Com Limited,21-SEP-2017,Consumer Services,Retailing,Internet & Catalogue Retail,885.83,20529085
MAWANASUG,Mawana Sugars Limited,20-MAR-2009,Fast Moving Consumer Goods,Agricultural Food & other Products,Sugar,410.29,44188477
MAXESTATES,Max Estates Limited,30-OCT-2023,Realty,Realty,"Residential, Commercial Projects",6559.26,197360008
MAXHEALTH,Max Healthcare Institute Limited,21-AUG-2020,Healthcare,Healthcare Services,Hospital,98277.84,1040417558
MAXIND,Max India Limited,28-AUG-2020,Financial Services,Finance,Holding Company,825.97,57235813
MAYURUNIQ,Mayur Uniquoters Ltd,25-SEP-2012,Consumer Durables,Consumer Durables,Leather And Leather Products,2462.89,46566267
MAZDA,Mazda Limited,01-NOV-2016,Capital Goods,Industrial Manufacturing,Industrial Products,431.88,24211234
MAZDOCK,Mazagon Dock Shipbuilders Limited,12-OCT-2020,Capital Goods,Industrial Manufacturing,Ship Building & Allied Services,108267.19,478085248
MBAPL,Madhya Bharat Agro Products Limited,22-AUG-2019,Chemicals,Fertilizers & Agrochemicals,Fertilizers,4556.16,85682370
MBEL,M & B Engineering Limited,06-AUG-2025,Construction,Construction,Civil Construction,1906.46,71593373
MBLINFRA,MBL Infrastructure Limited,11-JAN-2010,Construction,Construction,Civil Construction,396.27,179795818
MCL,Madhav Copper Limited,19-AUG-2020,Capital Goods,Industrial Products,"Aluminium, Copper & Zinc Products",160.14,26530815
MCLEODRUSS,Mcleod Russel India Limited,29-JUL-2005,Fast Moving Consumer Goods,Agricultural Food & other Products,Tea & Coffee,575.86,164343603
MCLOUD,Magellanic Cloud Limited,07-FEB-2025,Information Technology,IT - Software,Computers - Software & Consulting,1584.0,748936184
MCX,Multi Commodity Exchange of India Limited,09-MAR-2012,Financial Services,Capital Markets,Exchange and Data Platform,72162.69,295385551
MEDANTA,Global Health Limited,16-NOV-2022,Healthcare,Healthcare Services,Hospital,31396.52,313839656
MEDIASSIST,Medi Assist Healthcare Services Limited,23-JAN-2024,Financial Services,Insurance,Insurance Distributors,2696.74,83853854
MEDICAMEQ,Medicamen Biotech Limited,27-OCT-2021,Healthcare,Pharmaceuticals & Biotechnology,Pharmaceuticals,342.16,14943442
MEDICO,Medico Remedies Limited,26-MAY-2022,Healthcare,Pharmaceuticals & Biotechnology,Pharmaceuticals,341.65,90359690
MEDPLUS,Medplus Health Services Limited,23-DEC-2021,Consumer Services,Retailing,Pharmacy Retail,10804.32,129230550
MEESHO,Meesho Limited,10-DEC-2025,Consumer Services,Retailing,E-Retail/ E- Commerce,82136.11,5602353841
MEGASTAR,Megastar Foods Limited,16-FEB-2022,Fast Moving Consumer Goods,Food Products,Other Food Products,318.88,12069644
MEIL,Mangal Electrical Industries Limited,28-AUG-2025,Capital Goods,Electrical Equipment,Other Electrical Equipment,830.59,34810980
MENONBE,Menon Bearings Limited,09-MAR-2015,Automobile and Auto Components,Auto Components,Auto Components & Equipments,674.72,62128914
MEP,MEP Infrastructure Developers Limited,06-MAY-2015,Services,Transport Infrastructure,"Road Assets–Toll, Annuity, Hybrid- Annuity",17.79,211785721
METROBRAND,Metro Brands Limited,22-DEC-2021,Consumer Durables,Consumer Durables,Footwear,28952.64,308597736
METROPOLIS,Metropolis Healthcare Limited,15-APR-2019,Healthcare,Healthcare Services,Healthcare Service Provider,9879.17,234242324
MFML,Mahalaxmi Fabric Mills Limited,27-AUG-2024,Textiles,Textiles & Apparels,Other Textile Products,26.04,11185567
MFSL,Max Financial Services Limited,17-MAY-2000,Financial Services,Insurance,Life Insurance,55321.9,377830227
MGEL,Mangalam Global Enterprise Limited,23-DEC-2020,Fast Moving Consumer Goods,Agricultural Food & other Products,Other Agricultural Products,455.12,407448520
MGL,Mahanagar Gas Limited,01-JUL-2016,"Oil, Gas & Consumable Fuels",Gas,LPG/CNG/PNG/LN G Supplier,11278.45,118328172
MHLXMIRU,Mahalaxmi Rubtech Limited,27-JAN-2022,Textiles,Textiles & Apparels,Other Textile Products,201.47,12354059
MHRIL,Mahindra Holidays & Resorts India Limited,16-JUL-2009,Consumer Services,Leisure Services,Hotels & Resorts,5130.89,207938804
MICEL,MIC Electronics Limited,17-DEC-2021,Capital Goods,Industrial Products,Other Industrial Products,992.97,300626714
MIDHANI,Mishra Dhatu Nigam Limited,04-APR-2018,Capital Goods,Aerospace & Defense,Aerospace & Defense,7159.2,244717153
MIDWESTLTD,Midwest Limited,24-OCT-2025,Consumer Durables,Consumer Durables,Granites & Marbles,4585.91,37660427
MINDACORP,Minda Corporation Limited,16-OCT-2014,Automobile and Auto Components,Auto Components,Auto Components & Equipments,12594.7,251190669
MINDTECK,Mindteck (India) Limited,02-AUG-2016,Information Technology,IT - Software,Computers - Software & Consulting,672.28,40518323
MIRCELECTR,MIRC Electronics Limited,24-MAY-2004,Consumer Durables,Consumer Durables,Consumer Electronics,1221.21,433976555
MIRZAINT,Mirza International Limited,28-APR-1999,Consumer Durables,Consumer Durables,Leather And Leather Products,454.82,156510670
MITCON,MITCON Consultancy & Engineering Services Limited,17-MAR-2022,Services,Commercial Services & Supplies,Consulting Services,139.47,23256628
MITTAL,Mittal Life Style Limited,29-APR-2020,Textiles,Textiles & Apparels,Garments & Apparels,42.61,489770112
MKPL,M K Proteins Limited,13-JUN-2023,Fast Moving Consumer Goods,Agricultural Food & other Products,Edible Oil,200.45,407418693
MMFL,MM Forgings Limited,20-DEC-2006,Automobile and Auto Components,Auto Components,Auto Components & Equipments,2414.08,58587066
MMP,MMP Industries Limited,09-JAN-2020,Metals & Mining,Non - Ferrous Metals,Aluminium,650.94,30127743
MMTC,MMTC Limited,09-APR-2012,Services,Commercial Services & Supplies,Trading & Distributors,10000.5,1806448680
MOBIKWIK,One Mobikwik Systems Limited,18-DEC-2024,Financial Services,Financial Technology (Fintech),Financial Technology (Fintech),1771.27,104155594
MODINATUR,Modi Naturals Limited,11-DEC-2025,Fast Moving Consumer Goods,Agricultural Food & other Products,Other Agricultural Products,499.06,16514228
MODIRUBBER,Modi Rubber Limited,07-FEB-1996,Automobile and Auto Components,Auto Components,Tyres & Rubber Products,321.79,28603556
MODIS,Modis Navnirman Limited,14-NOV-2025,Realty,Realty,"Residential, Commercial Projects",754.07,25329861
MODISONLTD,MODISON LIMITED,03-MAY-2021,Capital Goods,Electrical Equipment,Other Electrical Equipment,493.95,39230402
MODTHREAD,Modern Threads (India) Limited,22-NOV-1995,Textiles,Textiles & Apparels,Other Textile Products,166.12,36397897
MOHITIND,Mohit Industries Limited,14-MAR-2013,Textiles,Textiles & Apparels,Other Textile Products,32.72,16475327
MOIL,MOIL Limited,15-DEC-2010,Metals & Mining,Minerals & Mining,Industrial Minerals,6595.97,224964861
MOKSH,Moksh Ornaments Limited,21-MAY-2021,Consumer Durables,Consumer Durables,"Gems, Jewellery And Watches",114.28,126276240
MOL,Meghmani Organics Limited,18-AUG-2021,Chemicals,Fertilizers & Agrochemicals,Pesticides & Agrochemicals,1347.36,299813093
MOLDTECH,Mold-Tek Technologies Limited,07-JUL-2016,Construction,Construction,Civil Construction,375.24,32148732
MOLDTKPAC,Mold-Tek Packaging Limited,23-FEB-2015,Capital Goods,Industrial Products,Packaging,1913.49,36726614
MONARCH,Monarch Networth Capital Limited,06-JAN-2022,Financial Services,Capital Markets,Stockbroking & Allied,2399.45,90436075
MONEYBOXX,Moneyboxx Finance Limited,15-OCT-2025,Financial Services,Finance,Non Banking Financial Company (NBFC),488.73,81645505
MONTECARLO,Monte Carlo Fashions Limited,19-DEC-2014,Textiles,Textiles & Apparels,Garments & Apparels,1156.85,23204293
MORARJEE,Morarjee Textiles Limited,14-SEP-2012,Textiles,Textiles & Apparels,Other Textile Products,25.72,43890784
MOREPENLAB,Morepen Laboratories Limited,24-NOV-1999,Healthcare,Pharmaceuticals & Biotechnology,Pharmaceuticals,2371.0,627082760
MOSCHIP,Moschip Technologies Limited,05-FEB-2025,Information Technology,IT - Hardware,Computers Hardware & Equipments,4025.83,241893299
MOTHERSON,Samvardhana Motherson International Limited,14-AUG-1996,Automobile and Auto Components,Auto Components,Auto Components & Equipments,135022.98,12641417759
MOTILALOFS,Motilal Oswal Financial Services Limited,11-SEP-2007,Financial Services,Capital Markets,Stockbroking & Allied,47778.66,697549590
MOTISONS,Motisons Jewellers Limited,26-DEC-2023,Consumer Durables,Consumer Durables,"Gems, Jewellery And Watches",1407.47,1130498009
MOTOGENFIN,The Motor & General Finance Limited,08-FEB-1995,Services,Commercial Services & Supplies,Diversified Commercial Services,98.41,45433980
MPHASIS,MphasiS Limited,04-JUN-2004,Information Technology,IT - Software,Computers - Software & Consulting,43218.57,195567998
MPSLTD,MPS Limited,21-JAN-2002,Consumer Services,Other Consumer Services,E-Learning,2908.67,17529500
MRF,MRF Limited,18-SEP-1996,Automobile and Auto Components,Auto Components,Tyres & Rubber Products,56070.03,4436271
MRPL,Mangalore Refinery and Petrochemicals Limited,07-JAN-2005,"Oil, Gas & Consumable Fuels",Petroleum Products,Refineries & Marketing,30162.22,1655991001
MSPL,MSP Steel & Power Limited,18-JUL-2005,Capital Goods,Industrial Products,Iron & Steel Products,1991.72,634710023
MSTCLTD,Mstc Limited,29-MAR-2019,Services,Commercial Services & Supplies,Trading & Distributors,3147.94,77278506
MSUMI,Motherson Sumi Wiring India Limited,28-MAR-2022,Automobile and Auto Components,Auto Components,Auto Components & Equipments,27256.13,7352611336
MTARTECH,Mtar Technologies Limited,15-MAR-2021,Capital Goods,Aerospace & Defense,Aerospace & Defense,16311.81,45610854
MTEDUCARE,MT Educare Limited,12-APR-2012,Consumer Services,Other Consumer Services,Education,10.47,80538464
MTNL,Mahanagar Telephone Nigam Limited,17-FEB-1999,Telecommunic ation,Telecom - Services,Telecom - Cellular & Fixed line services,2000.25,815430063
MUFIN,Mufin Green Finance Limited,06-NOV-2023,Financial Services,Finance,Non Banking Financial Company (NBFC),2030.1,203131874
MUFTI,Credo Brands Marketing Limited,27-DEC-2023,Consumer Services,Retailing,Speciality Retail,516.82,71502492
MUKANDLTD,Mukand Limited,23-FEB-2004,Metals & Mining,Ferrous Metals,Iron & Steel,2033.78,165887441
MUKKA,Mukka Proteins Limited,07-MAR-2024,Fast Moving Consumer Goods,Food Products,Animal Feed,731.7,354849646
MUKTAARTS,Mukta Arts Limited,12-SEP-2000,"Media, Entertainment & Publication",Entertainment,"Film Production, Distribution & Exhibition",114.3,26513570
MUNJALAU,Munjal Auto Industries Limited,19-JUL-2006,Automobile and Auto Components,Auto Components,Auto Components & Equipments,811.9,112435952
MUNJALSHOW,Munjal Showa Limited,12-MAY-2003,Automobile and Auto Components,Auto Components,Auto Components & Equipments,519.02,44554898
MURUDCERA,Murudeshwar Ceramics Limited,28-MAY-2004,Consumer Durables,Consumer Durables,Ceramics,201.49,74875511
MUTHOOTCAP,Muthoot Capital Services Limited,24-AUG-2015,Financial Services,Finance,Non Banking Financial Company (NBFC),334.9,18167517
MUTHOOTFIN,Muthoot Finance Limited,06-MAY-2011,Financial Services,Finance,Non Banking Financial Company (NBFC),140265.06,444982580
MUTHOOTMF,Muthoot Microfin Limited,26-DEC-2023,Financial Services,Finance,Microfinance Institutions,3146.43,205837367
MVGJL,Manoj Vaibhav Gems N Jewellers Limited,03-OCT-2023,Consumer Durables,Consumer Durables,"Gems, Jewellery And Watches",867.29,59763646
MWL,Mangalam Worldwide Limited,18-SEP-2025,Metals & Mining,Metals & Minerals Trading,Trading - Metals,895.18,34180222
NACLIND,NACL Industries Limited,07-APR-2017,Chemicals,Fertilizers & Agrochemicals,Pesticides & Agrochemicals,3665.59,265334069
NAGAFERT,Nagarjuna Fertilizers and Chemicals Limited,15-JUN-2016,Chemicals,Fertilizers & Agrochemicals,Fertilizers,238.03,618259756
NAGREEKCAP,Nagreeka Capital & Infrastructure Limited,18-SEP-2007,Financial Services,Finance,Investment Company,43.4,19288889
NAGREEKEXP,Nagreeka Exports Limited,18-JUN-2007,Textiles,Textiles & Apparels,Other Textile Products,88.28,43702969
NAHARCAP,Nahar Capital and Financial Services Limited,11-MAR-2008,Financial Services,Finance,Investment Company,420.04,19485085
NAHARINDUS,Nahar Industrial Enterprises Limited,15-DEC-2005,Textiles,Textiles & Apparels,Other Textile Products,469.3,50977625
NAHARPOLY,Nahar Poly Films Limited,23-MAR-2007,Capital Goods,Industrial Products,Packaging,632.87,27273001
NAHARSPING,Nahar Spinning Mills Limited,23-MAR-2007,Textiles,Textiles & Apparels,Other Textile Products,865.96,38079240
NAM-INDIA,Nippon Life India Asset Management Limited,06-NOV-2017,Financial Services,Capital Markets,Asset Management Company,63154.34,760987325
NARMADA,Narmada Agrobase Limited,27-OCT-2022,Fast Moving Consumer Goods,Food Products,Animal Feed,126.67,38939442
NATCAPSUQ,Natural Capsules Limited,14-FEB-2025,Healthcare,Pharmaceuticals & Biotechnology,Pharmaceuticals,164.73,10768075
NATCOPHARM,Natco Pharma Limited,27-DEC-1995,Healthcare,Pharmaceuticals & Biotechnology,Pharmaceuticals,19521.18,189977900
NATHBIOGEN,Nath Bio-Genes (India) Limited,28-JAN-2014,Fast Moving Consumer Goods,Agricultural Food & other Products,Other Agricultural Products,330.25,23460254
NATIONALUM,National Aluminium Company Limited,28-APR-1999,Metals & Mining,Non - Ferrous Metals,Aluminium,80995.46,2015815392
NAUKRI,Info Edge (India) Limited,21-NOV-2006,Consumer Services,Retailing,Internet & Catalogue Retail,64900.42,653053137
NAVA,NAVA LIMITED,03-APR-1996,Power,Power,Power Generation,18904.49,337519922
NAVINFLUOR,Navin Fluorine International Limited,01-JUN-2007,Chemicals,Chemicals & Petrochemicals,Specialty Chemicals,33717.58,57235749
NAVKARCORP,Navkar Corporation Limited,09-SEP-2015,Services,Transport Services,Logistics Solution Provider,1516.63,182858688
NAVKARURB,Navkar Urbanstructure Limited,17-JAN-2025,Construction,Construction,Civil Construction,88.65,1231249951
NAVNETEDUL,Navneet Education Limited,08-FEB-1995,"Media, Entertainment & Publication",Printing & Publication,Printing & Publication,3213.12,247925914
NAZARA,Nazara Technologies Limited,30-MAR-2021,"Media, Entertainment & Publication",Entertainment,Digital Entertainment,10027.38,426842333
NBCC,NBCC (India) Limited,12-APR-2012,Construction,Construction,Civil Construction,25760.7,3100337121
NBIFIN,N. B. I. Industrial Finance Company Limited,23-NOV-2016,Financial Services,Finance,Non Banking Financial Company (NBFC),605.42,3628311
NCC,NCC Limited,14-OCT-2003,Construction,Construction,Civil Construction,10326.82,728729060
NCLIND,NCL Industries Limited,03-APR-2007,Construction Materials,Cement & Cement Products,Cement & Cement Products,782.71,47563807
NDGL,Naga Dhunseri Group Limited,29-AUG-2016,Financial Services,Finance,Non Banking Financial Company (NBFC),270.1,1136163
NDL,Nandan Denim Limited,23-MAR-2012,Textiles,Textiles & Apparels,Other Textile Products,413.7,1674898766
NDLVENTURE,NDL Ventures Limited,24-APR-2007,Financial Services,Finance,Other Financial Services,396.42,32174337
NDRAUTO,Ndr Auto Components Limited,30-JUL-2020,Automobile and Auto Components,Auto Components,Auto Components & Equipments,1754.4,26601971
NDTV,New Delhi Television Limited,19-MAY-2004,"Media, Entertainment & Publication",Entertainment,TV Broadcasting & Software Production,914.67,131815825
NECCLTD,North Eastern Carrying Corporation Limited,02-MAR-2016,Services,Transport Services,Logistics Solution Provider,158.2,124078431
NECLIFE,Nectar Lifesciences Limited,18-JUL-2005,Healthcare,Pharmaceuticals & Biotechnology,Pharmaceuticals,243.99,243017929
NELCAST,Nelcast Limited,27-JUN-2007,Capital Goods,Industrial Products,Castings & Forgings,1144.85,92971415
NELCO,NELCO Limited,28-MAY-2003,Information Technology,IT - Hardware,Computers Hardware & Equipments,1609.38,28713292
NEOGEN,Neogen Chemicals Limited,08-MAY-2019,Chemicals,Chemicals & Petrochemicals,Specialty Chemicals,4528.93,37905338
NEPHROPLUS,Nephrocare Health Services Limited,17-DEC-2025,Healthcare,Healthcare Services,Healthcare Service Provider,5404.85,102248397
NESCO,Nesco Limited,08-APR-2008,Services,Commercial Services & Supplies,Diversified Commercial Services,8571.45,80249510
NESTLEIND,Nestle India Limited,01-AUG-2023,Fast Moving Consumer Goods,Food Products,Packaged Foods,273299.99,2294132282
NETWEB,Netweb Technologies India Limited,27-JUL-2023,Information Technology,IT - Services,IT Enabled Services,22319.04,70741807
NETWORK18,Network18 Media & Investments Limited,02-FEB-2007,"Media, Entertainment & Publication",Entertainment,Media & Entertainment,5454.05,1822268608
NEUEON,Neueon Corporation Limited,11-SEP-2013,Capital Goods,Electrical Equipment,Heavy Electrical Equipment,1102.62,686562912
NEULANDLAB,Neuland Laboratories Limited,13-OCT-2008,Healthcare,Pharmaceuticals & Biotechnology,Pharmaceuticals,18930.5,15226011
NEWGEN,Newgen Software Technologies Limited,29-JAN-2018,Information Technology,IT - Software,Computers - Software & Consulting,6995.63,158865219
NEXTMEDIA,Next Mediaworks Limited,04-APR-2001,"Media, Entertainment & Publication",Entertainment,Media & Entertainment,29.17,74603579
NFL,National Fertilizers Limited,28-DEC-2006,Chemicals,Fertilizers & Agrochemicals,Fertilizers,3773.05,543980676
NGIL,Nakoda Group of Industries Limited,20-AUG-2021,Fast Moving Consumer Goods,Food Products,Packaged Foods,66.98,25991462
NGLFINE,NGL Fine-Chem Limited,08-JUL-2022,Healthcare,Pharmaceuticals & Biotechnology,Pharmaceuticals,1432.15,6715511
NH,Narayana Hrudayalaya Ltd.,06-JAN-2016,Healthcare,Healthcare Services,Hospital,36588.76,225161600
NHPC,NHPC Limited,01-SEP-2009,Power,Power,Power Generation,83604.82,11098475769
NIACL,The New India Assurance Company Limited,13-NOV-2017,Financial Services,Insurance,General Insurance,27302.42,2215565954
NIBE,NIBE Limited,07-FEB-2025,Capital Goods,Aerospace & Defense,Aerospace & Defense,1664.68,18138709
NIBL,NRB Industrial Bearings Limited,09-APR-2013,Capital Goods,Industrial Products,Abrasives & Bearings,77.04,28168190
NIITLTD,NIIT Limited,16-AUG-2004,Consumer Services,Other Consumer Services,Education,984.42,169903352
NIITMTS,NIIT Learning Systems Limited,08-AUG-2023,Consumer Services,Other Consumer Services,Education,4358.77,158818357
NILAINFRA,Nila Infrastructures Limited,21-MAY-2015,Realty,Realty,"Residential, Commercial Projects",326.53,476686138
NILASPACES,Nila Spaces Limited,28-DEC-2018,Realty,Realty,"Residential, Commercial Projects",514.03,384753004
NILKAMAL,Nilkamal Limited,01-NOV-1995,Consumer Durables,Consumer Durables,Plastic Products - Consumer,1995.55,16296856
NINSYS,NINtec Systems Limited,21-FEB-2023,Information Technology,IT - Software,Computers - Software & Consulting,942.45,24527001
NIPPOBATRY,Indo-National Limited,06-OCT-1999,Fast Moving Consumer Goods,Household Products,Household Products,241.5,8308963
NIRAJ,Niraj Cement Structurals Limited,01-OCT-2020,Construction,Construction,Civil Construction,176.52,76217617
NIRAJISPAT,Niraj Ispat Industries Limited,27-OCT-2016,Consumer Durables,Consumer Durables,Plastic Products - Consumer,14.52,765742
NITCO,Nitco Limited,21-MAR-2006,Consumer Durables,Consumer Durables,Ceramics,2002.7,234453295
NITINSPIN,Nitin Spinners Limited,02-FEB-2006,Textiles,Textiles & Apparels,Other Textile Products,2495.32,66153762
NITIRAJ,Nitiraj Engineers Limited,22-APR-2021,Consumer Durables,Consumer Durables,Consumer Electronics,209.8,10268206
NIVABUPA,Niva Bupa Health Insurance Company Limited,14-NOV-2024,Financial Services,Insurance,General Insurance,14240.2,1961730365
NKIND,NK Industries Limited,07-JUL-1995,Fast Moving Consumer Goods,Agricultural Food & other Products,Edible Oil,40.39,6577105
NLCINDIA,NLC India Limited,23-AUG-2000,Power,Power,Power Generation,43519.59,1562081445
NMDC,NMDC Limited,03-MAR-2008,Metals & Mining,Minerals & Mining,Industrial Minerals,79495.61,10181302271
NOCIL,NOCIL Limited,17-JAN-1996,Chemicals,Chemicals & Petrochemicals,Specialty Chemicals,3080.61,186556647
NOIDATOLL,Noida Toll Bridge Company Limited,06-DEC-2002,Services,Transport Infrastructure,"Road Assets–Toll, Annuity, Hybrid- Annuity",70.75,227491969
NORBTEAEXP,Norben Tea & Exports Limited,26-JUN-1996,Fast Moving Consumer Goods,Agricultural Food & other Products,Tea & Coffee,97.12,10373851
NORTHARC,Northern Arc Capital Limited,24-SEP-2024,Financial Services,Finance,Non Banking Financial Company (NBFC),4253.54,193307586
NOVAAGRI,Nova Agritech Limited,31-JAN-2024,Chemicals,Fertilizers & Agrochemicals,Fertilizers,265.99,111901554
NPST,Network People Services Technologies Limited,30-APR-2025,Information Technology,IT - Services,IT Enabled Services,2509.58,22215553
NRAIL,N R Agarwal Industries Limited,05-APR-2017,Forest Materials,"Paper, Forest & Jute Products",Paper & Paper Products,837.6,20489237
NRBBEARING,NRB Bearing Limited,08-MAR-2000,Automobile and Auto Components,Auto Components,Auto Components & Equipments,2784.0,118720682
NRL,Nupur Recyclers Limited,12-JAN-2023,Metals & Mining,Metals & Minerals Trading,Trading - Metals,378.77,78242099
NSIL,Nalwa Sons Investments Limited,17-NOV-2003,Financial Services,Finance,Investment Company,2947.48,5791865
NSLNISP,NMDC Steel Limited,20-FEB-2023,Metals & Mining,Ferrous Metals,Iron & Steel,12185.46,3431557470
NTPC,NTPC Limited,05-NOV-2004,Power,Power,Power Generation,397757.24,11059564764
NTPCGREEN,NTPC Green Energy Limited,27-NOV-2024,Power,Power,Power Generation,100155.35,10301928486
NUCLEUS,Nucleus Software Exports Limited,19-DEC-2002,Information Technology,IT - Software,Software Products,2121.56,26748534
NURECA,Nureca Limited,25-FEB-2021,Healthcare,Healthcare Equipment & Supplies,Medical Equipment & Supplies,253.62,10665265
NUVAMA,Nuvama Wealth Management Limited,26-SEP-2023,Financial Services,Capital Markets,Stockbroking & Allied,24750.36,216614393
NUVOCO,Nuvoco Vistas Corporation Limited,23-AUG-2021,Construction Materials,Cement & Cement Products,Cement & Cement Products,10555.75,360387512
NYKAA,FSN E-Commerce Ventures Limited,10-NOV-2021,Consumer Services,Retailing,E-Retail/ E- Commerce,77079.39,3133563352
OAL,Oriental Aromatics Limited,11-JUL-2019,Chemicals,Chemicals & Petrochemicals,Specialty Chemicals,1066.35,43501407
OBCL,Orissa Bengal Carrier Limited,07-APR-2022,Services,Transport Services,Logistics Solution Provider,117.01,20842537
OBEROIRLTY,Oberoi Realty Limited,20-OCT-2010,Realty,Realty,"Residential, Commercial Projects",62659.57,415817698
OCCLLTD,OCCL Limited,29-OCT-2024,Chemicals,Chemicals & Petrochemicals,Commodity Chemicals,512.09,58544643
ODIGMA,Odigma Consultancy Solutions Limited,12-DEC-2024,Information Technology,IT - Services,IT Enabled Services,85.74,37988481
OFSS,Oracle Financial Services Software Limited,28-JUN-2002,Information Technology,IT - Software,Software Products,81478.86,116523218
OIL,Oil India Limited,30-SEP-2009,"Oil, Gas & Consumable Fuels",Oil,Oil Exploration & Production,77459.06,1613226304
OILCOUNTUB,Oil Country Tubular Limited,30-AUG-1995,"Oil, Gas & Consumable Fuels",Oil,Oil Equipment & Services,315.63,79764974
OLAELEC,Ola Electric Mobility Limited,09-AUG-2024,Automobile and Auto Components,Automobiles,2/3 Wheelers,16289.19,5747773434
OLECTRA,Olectra Greentech Limited,20-MAR-2002,Automobile and Auto Components,Automobiles,Passenger Cars & Utility Vehicles,10156.26,99561418
OMAXAUTO,Omax Autos Limited,20-FEB-2003,Automobile and Auto Components,Auto Components,Auto Components & Equipments,251.93,25398729
OMAXE,Omaxe Limited,09-AUG-2007,Realty,Realty,"Residential, Commercial Projects",1521.37,208007932
OMFREIGHT,Om Freight Forwarders Limited,08-OCT-2025,Services,Transport Services,Logistics Solution Provider,266.17,37840491
OMINFRAL,OM INFRA LIMITED,17-JUN-2011,Construction,Construction,Civil Construction,891.2,104099988
OMKARCHEM,Omkar Speciality Chemicals Limited,10-FEB-2011,Chemicals,Chemicals & Petrochemicals,Specialty Chemicals,7.37,18564232
ONELIFECAP,Onelife Capital Advisors Limited,17-OCT-2011,Financial Services,Capital Markets,Stockbroking & Allied,74.5,48661005
ONEPOINT,One Point One Solutions Limited,09-MAY-2019,Services,Commercial Services & Supplies,Business Process Outsourcing (BPO)/ Knowledge Process Outsourcing (KPO),1411.97,309371170
ONESOURCE,Onesource Specialty Pharma Limited,24-JAN-2025,Healthcare,Pharmaceuticals & Biotechnology,Pharmaceuticals,20995.65,149488430
ONGC,Oil & Natural Gas Corporation Limited,19-JUL-1995,"Oil, Gas & Consumable Fuels",Oil,Oil Exploration & Production,359670.18,12523334426
ONMOBILE,OnMobile Global Limited,19-FEB-2008,"Media, Entertainment & Publication",Media,Web based media and service,598.8,136463078
ONWARDTEC,Onward Technologies Limited,07-MAR-2001,Information Technology,IT - Services,IT Enabled Services,546.21,23702916
OPTIEMUS,Optiemus Infracom Limited,08-AUG-2017,Telecommunic ation,Telecom - Equipment & Accessories,Telecom - Equipment & Accessories,3669.5,118047287
ORBTEXP,Orbit Exports Limited,05-NOV-2013,Textiles,Textiles & Apparels,Other Textile Products,441.62,28983397
ORCHASP,Orchasp Limited,07-FEB-2025,Information Technology,IT - Software,Computers - Software & Consulting,71.02,355100000
ORCHPHARMA,Orchid Pharma Limited,02-NOV-2020,Healthcare,Pharmaceuticals & Biotechnology,Pharmaceuticals,2968.34,56669341
ORICONENT,Oricon Enterprises Limited,24-JUL-2015,Capital Goods,Industrial Products,Packaging,1016.1,154188160
ORIENTALTL,Oriental Trimex Limited,07-MAR-2007,Consumer Durables,Consumer Durables,Granites & Marbles,51.09,82403228
ORIENTBELL,Orient Bell Limited,14-FEB-2007,Consumer Durables,Consumer Durables,Ceramics,418.88,16067510
ORIENTCEM,Orient Cement Limited,12-JUL-2013,Construction Materials,Cement & Cement Products,Cement & Cement Products,3041.01,230205137
ORIENTCER,ORIENT CERATECH LIMITED,15-DEC-2005,Capital Goods,Industrial Products,Electrodes & Refractories,493.15,129096856
ORIENTELEC,Orient Electric Limited,14-MAY-2018,Consumer Durables,Consumer Durables,Household Appliances,4128.2,259749587
ORIENTHOT,Oriental Hotels Limited,27-AUG-1998,Consumer Services,Leisure Services,Hotels & Resorts,1771.35,197386900
ORIENTLTD,Orient Press Limited,03-MAR-2010,Capital Goods,Industrial Products,Packaging,63.8,10512441
ORIENTPPR,Orient Paper & Industries Limited,29-MAR-1995,Forest Materials,"Paper, Forest & Jute Products",Paper & Paper Products,394.24,244565744
ORIENTTECH,Orient Technologies Limited,28-AUG-2024,Information Technology,IT - Services,IT Enabled Services,1311.24,51611431
ORISSAMINE,The Orissa Minerals Development Company Limited,29-SEP-2010,Metals & Mining,Minerals & Mining,Industrial Minerals,2442.84,7244269
ORKLAINDIA,Orkla India Limited,06-NOV-2025,Fast Moving Consumer Goods,Food Products,Other Food Products,8905.67,147481500
ORTEL,Ortel Communications Limited,19-MAR-2015,"Media, Entertainment & Publication",Entertainment,TV Broadcasting & Software Production,6.1,37654321
ORTINGLOBE,ORTIN GLOBAL LIMITED,30-MAR-2021,Healthcare,Pharmaceuticals & Biotechnology,Pharmaceuticals,12.34,8684025
OSIAHYPER,Osia Hyper Retail Limited,01-DEC-2022,Consumer Services,Retailing,Diversified Retail,115.91,329289775
OSWALAGRO,Oswal Agro Mills Limited,29-MAR-1995,Services,Commercial Services & Supplies,Trading & Distributors,666.99,162284678
OSWALGREEN,Oswal Greentech Limited,28-AUG-1996,Financial Services,Finance,Investment Company,726.26,316177632
OSWALPUMPS,Oswal Pumps Limited,20-JUN-2025,Capital Goods,Industrial Products,"Compressors, Pumps & Diesel Engines",4718.66,151627886
OSWALSEEDS,ShreeOswal Seeds And Chemicals Limited,28-FEB-2023,Fast Moving Consumer Goods,Agricultural Food & other Products,Other Agricultural Products,117.26,111676190
PACEDIGITK,Pace Digitek Limited,06-OCT-2025,Telecommunic ation,Telecom - Services,Telecom - Infrastructure,3928.49,254073867
PAGEIND,Page Industries Limited,16-MAR-2007,Textiles,Textiles & Apparels,Garments & Apparels,42055.68,12389359
PAISALO,Paisalo Digital Limited,17-OCT-2011,Financial Services,Finance,Non Banking Financial Company (NBFC),4306.59,1204303748
PAKKA,PAKKA LIMITED,11-JUL-2023,Forest Materials,"Paper, Forest & Jute Products",Paper & Paper Products,424.71,48862173
PALASHSECU,Palash Securities Limited,28-JUL-2017,Fast Moving Consumer Goods,Food Products,Packaged Foods,95.07,11376092
PALREDTEC,Palred Technologies Limited,09-MAY-2016,Information Technology,IT - Services,IT Enabled Services,47.21,15810448
PANACEABIO,Panacea Biotec Limited,17-APR-1996,Healthcare,Pharmaceuticals & Biotechnology,Pharmaceuticals,2259.23,69858690
PANACHE,Panache Digilife Limited,06-JAN-2020,Information Technology,IT - Services,IT Enabled Services,506.12,16972501
PANAMAPET,Panama Petrochem Limited,30-SEP-2011,"Oil, Gas & Consumable Fuels",Petroleum Products,Lubricants,1653.59,61726452
PANSARI,Pansari Developers Limited,18-OCT-2021,Realty,Realty,"Residential, Commercial Projects",533.26,20729252
PAR,Par Drugs And Chemicals Limited,16-SEP-2021,Healthcare,Pharmaceuticals & Biotechnology,Pharmaceuticals,112.13,13596459
PARACABLES,Paramount Communications Limited,03-JAN-2007,Capital Goods,Industrial Products,Cables - Electricals,1229.08,377597551
PARADEEP,Paradeep Phosphates Limited,27-MAY-2022,Chemicals,Fertilizers & Agrochemicals,Fertilizers,14109.78,1223002485
PARAGMILK,Parag Milk Foods Limited,19-MAY-2016,Fast Moving Consumer Goods,Food Products,Dairy Products,2892.91,149504393
PARAS,Paras Defence and Space Technologies Limited,01-OCT-2021,Capital Goods,Aerospace & Defense,Aerospace & Defense,6512.26,102466527
PARASPETRO,Paras Petrofils Limited,14-FEB-1996,Financial Services,Finance,Investment Company,73.53,300122443
PARKHOSPS,Park Medi World Limited,17-DEC-2025,Healthcare,Healthcare Services,Hospital,10231.58,518869105
PARKHOTELS,Apeejay Surrendra Park Hotels Limited,12-FEB-2024,Consumer Services,Leisure Services,Hotels & Resorts,2634.96,245683916
PARSVNATH,Parsvnath Developers Limited,30-NOV-2006,Realty,Realty,"Residential, Commercial Projects",342.49,581477093
PASHUPATI,Pashupati Cotspin Limited,17-JUL-2025,Textiles,Textiles & Apparels,Other Textile Products,1393.73,142086864
PASUPTAC,Pasupati Acrylon Limited,12-OCT-2021,Chemicals,Chemicals & Petrochemicals,Petrochemicals,455.81,102590591
PATANJALI,Patanjali Foods Limited,24-JAN-2020,Fast Moving Consumer Goods,Agricultural Food & other Products,Edible Oil,50760.06,1091124742
PATELENG,Patel Engineering Limited,24-FEB-2005,Construction,Construction,Civil Construction,2774.03,1137363702
PATELRMART,Patel Retail Limited,26-AUG-2025,Consumer Services,Retailing,Diversified Retail,729.13,44237955
PATINTLOG,Patel Integrated Logistics Limited,11-JAN-2008,Services,Transport Services,Logistics Solution Provider,80.65,85706696
PAUSHAKLTD,Paushak Limited,01-DEC-2025,Chemicals,Chemicals & Petrochemicals,Specialty Chemicals,1143.59,28465215
PAVNAIND,Pavna Industries Limited,01-JUN-2023,Automobile and Auto Components,Auto Components,Auto Components & Equipments,289.25,182377053
PAYTM,One 97 Communications Limited,18-NOV-2021,Financial Services,Financial Technology (Fintech),Financial Technology (Fintech),72463.62,720314314
PCBL,PCBL Chemical Limited,29-MAR-1995,Chemicals,Chemicals & Petrochemicals,Carbon Black,11465.89,442818149
PCJEWELLER,PC Jeweller Limited,27-DEC-2012,Consumer Durables,Consumer Durables,"Gems, Jewellery And Watches",9234.72,11248136367
PDMJEPAPER,Pudumjee Paper Products Limited,30-MAR-2016,Forest Materials,"Paper, Forest & Jute Products",Paper & Paper Products,814.2,112272482
PDSL,PDS Limited,21-OCT-2014,Textiles,Textiles & Apparels,Trading - Textile Products,3957.55,138788360
PEARLPOLY,Pearl Polymers Limited,11-OCT-1995,Consumer Durables,Consumer Durables,Plastic Products - Consumer,35.01,23767822
PENIND,Pennar Industries Limited,25-NOV-2010,Capital Goods,Industrial Manufacturing,Industrial Products,2349.28,161318404
PENINLAND,Peninsula Land Limited,08-FEB-1995,Realty,Realty,"Residential, Commercial Projects",627.63,380612498
PERSISTENT,Persistent Systems Limited,06-APR-2010,Information Technology,IT - Software,Computers - Software & Consulting,75996.06,145371879
PETRONET,Petronet LNG Limited,26-MAR-2004,"Oil, Gas & Consumable Fuels",Gas,LPG/CNG/PNG/LN G Supplier,41985.0,1648474600
PFC,Power Finance Corporation Limited,23-FEB-2007,Financial Services,Finance,Financial Institution,156721.83,3896130019
PFIZER,Pfizer Limited,28-APR-1999,Healthcare,Pharmaceuticals & Biotechnology,Pharmaceuticals,21919.57,44851895
PFOCUS,Prime Focus Limited,20-JUN-2006,"Media, Entertainment & Publication",Entertainment,Media & Entertainment,24688.14,745414828
PFS,PTC India Financial Services Limited,30-MAR-2011,Financial Services,Finance,Non Banking Financial Company (NBFC),2021.91,763272940
PGEL,PG Electroplast Limited,26-SEP-2011,Consumer Durables,Consumer Durables,Consumer Electronics,16121.38,354744847
PGHH,Procter & Gamble Hygiene and Health Care Limited,07-JUL-2004,Fast Moving Consumer Goods,Personal Products,Personal Care,33465.4,34298862
PGHL,Procter & Gamble Health Limited,24-APR-1996,Healthcare,Pharmaceuticals & Biotechnology,Pharmaceuticals,8591.01,17978089
PGIL,Pearl Global Industries Limited,15-FEB-2007,Textiles,Textiles & Apparels,Garments & Apparels,7255.54,48822691
PHOENIXLTD,The Phoenix Mills Limited,23-APR-2007,Realty,Realty,"Residential, Commercial Projects",64363.5,422000407
PICCADIL,Piccadily Agro Industries Limited,02-JUL-2025,Fast Moving Consumer Goods,Beverages,Breweries & Distilleries,6473.19,120062871
PIDILITIND,Pidilite Industries Limited,29-MAR-1995,Chemicals,Chemicals & Petrochemicals,Specialty Chemicals,142417.3,1118226309
PIGL,Power & Instrumentation (Gujarat) Limited,17-MAY-2023,Capital Goods,Electrical Equipment,Other Electrical Equipment,243.12,22884037
PIIND,PI Industries Limited,15-JUN-2011,Chemicals,Fertilizers & Agrochemicals,Pesticides & Agrochemicals,46783.8,167252255
PILANIINVS,Pilani Investment and Industries Corporation Limited,08-DEC-2015,Financial Services,Finance,Holding Company,5282.02,11980901
PILITA,PIL ITALICA LIFESTYLE LIMITED,07-OCT-2013,Consumer Durables,Consumer Durables,Plastic Products - Consumer,187.3,267954229
PINELABS,Pine Labs Limited,14-NOV-2025,Financial Services,Financial Technology (Fintech),Financial Technology (Fintech),22977.01,1504026272
PIONEEREMB,Pioneer Embroideries Limited,16-MAY-2006,Textiles,Textiles & Apparels,Other Textile Products,81.04,37276909
PIRAMALFIN,Piramal Finance Limited,07-NOV-2025,Financial Services,Finance,Housing Finance Company,41778.97,236949700
PITTIENG,Pitti Engineering Limited,02-FEB-2007,Capital Goods,Industrial Manufacturing,Industrial Products,3733.92,50598549
PIXTRANS,Pix Transmissions Limited,28-APR-2022,Capital Goods,Industrial Products,Rubber,2029.78,13917855
PKTEA,The Peria Karamalai Tea & Produce Company Limited,19-AUG-2015,Fast Moving Consumer Goods,Agricultural Food & other Products,Tea & Coffee,236.48,2939100
PLASTIBLEN,Plastiblends India Limited,28-DEC-2006,Chemicals,Chemicals & Petrochemicals,Specialty Chemicals,409.72,31633723
PLATIND,Platinum Industries Limited,05-MAR-2024,Chemicals,Chemicals & Petrochemicals,Specialty Chemicals,1261.51,62830462
PLAZACABLE,Plaza Wires Limited,12-OCT-2023,Capital Goods,Industrial Products,Cables - Electricals,180.17,54896405
PNB,Punjab National Bank,24-APR-2002,Financial Services,Banks,Public Sector Bank,130881.64,12526955953
PNBGILTS,PNB Gilts Limited,18-SEP-2000,Financial Services,Finance,Investment Company,1311.37,204263250
PNBHOUSING,PNB Housing Finance Limited,07-NOV-2016,Financial Services,Finance,Housing Finance Company,27279.54,347775869
PNC,Pritish Nandy Communications Limited,11-DEC-2000,"Media, Entertainment & Publication",Entertainment,"Film Production, Distribution & Exhibition",31.05,16180302
PNCINFRA,PNC Infratech Limited,26-MAY-2015,Construction,Construction,Civil Construction,5592.3,321415014
PNGJL,P N Gadgil Jewellers Limited,17-SEP-2024,Consumer Durables,Consumer Durables,"Gems, Jewellery And Watches",9158.28,160953954
POCL,Pondy Oxides & Chemicals Limited,06-MAR-2023,Metals & Mining,Diversified Metals,Diversified Metals,3764.79,34711323
PODDARMENT,Poddar Pigments Limited,22-NOV-2016,Chemicals,Chemicals & Petrochemicals,Dyes And Pigments,271.32,13093962
POKARNA,Pokarna Limited,07-JUL-2016,Consumer Durables,Consumer Durables,Granites & Marbles,2827.72,32485725
POLICYBZR,PB Fintech Limited,15-NOV-2021,Financial Services,Financial Technology (Fintech),Financial Technology (Fintech),76945.86,539251936
POLYCAB,Polycab India Limited,16-APR-2019,Capital Goods,Industrial Products,Cables - Electricals,121431.87,176551134
POLYMED,Poly Medicure Limited,07-DEC-2011,Healthcare,Healthcare Equipment & Supplies,Medical Equipment & Supplies,15159.33,113621125
POLYPLEX,Polyplex Corporation Limited,11-APR-2003,Capital Goods,Industrial Products,Packaging,2875.39,36209421
PONNIERODE,Ponni Sugars (Erode) Limited,16-APR-2002,Fast Moving Consumer Goods,Agricultural Food & other Products,Sugar,259.11,9248974
POONAWALLA,Poonawalla Fincorp Limited,27-APR-2004,Financial Services,Finance,Non Banking Financial Company (NBFC),36970.44,940006131
POWERGRID,Power Grid Corporation of India Limited,05-OCT-2007,Power,Power,Power - Transmission,298456.38,10293373597
POWERINDIA,Hitachi Energy India Limited,30-MAR-2020,Capital Goods,Electrical Equipment,Heavy Electrical Equipment,142921.29,56434863
POWERMECH,Power Mech Projects Limited,26-AUG-2015,Construction,Construction,Civil Construction,7897.12,41708672
PPAP,PPAP Automotive Limited,11-JAN-2008,Automobile and Auto Components,Auto Components,Auto Components & Equipments,309.18,16172194
PPL,Prakash Pipes Limited,14-JUN-2019,Capital Goods,Industrial Products,Plastic Products - Industrial,515.42,28457377
PPLPHARMA,Piramal Pharma Limited,19-OCT-2022,Healthcare,Pharmaceuticals & Biotechnology,Pharmaceuticals,22435.05,1577932983
PRABHA,Prabha Energy Limited,19-MAR-2025,"Oil, Gas & Consumable Fuels",Oil,Oil Exploration & Production,2248.69,146189695
PRAENG,Prajay Engineers Syndicate Limited,02-JAN-2007,Realty,Realty,"Residential, Commercial Projects",163.66,77052732
PRAJIND,Praj Industries Limited,11-OCT-1995,Capital Goods,Industrial Manufacturing,Industrial Products,7414.1,221912597
PRAKASH,Prakash Industries Limited,10-MAY-1995,Metals & Mining,Ferrous Metals,Iron & Steel,2599.55,211655268
PRAKASHSTL,Prakash Steelage Limited,25-AUG-2010,Capital Goods,Industrial Products,Iron & Steel Products,83.48,205110556
PRAXIS,Praxis Home Retail Limited,31-JAN-2018,Consumer Services,Retailing,Speciality Retail,140.66,242517233
PRECAM,Precision Camshafts Limited,08-FEB-2016,Automobile and Auto Components,Auto Components,Auto Components & Equipments,1521.77,127163869
PRECOT,Precot Limited,19-AUG-2005,Textiles,Textiles & Apparels,Other Textile Products,664.14,12120449
PRECWIRE,Precision Wires India Limited,06-SEP-1995,Capital Goods,Industrial Products,"Aluminium, Copper & Zinc Products",7416.52,247176147
PREMEXPLN,Premier Explosives Limited,17-JUN-2016,Chemicals,Chemicals & Petrochemicals,Explosives,2934.82,68941036
PREMIER,Premier Limited,03-APR-1996,Capital Goods,Industrial Manufacturing,Industrial Products,8.81,30804197
PREMIERENE,Premier Energies Limited,03-SEP-2024,Capital Goods,Electrical Equipment,Other Electrical Equipment,46421.08,506034570
PREMIERPOL,Premier Polyfilm Limited,13-DEC-1995,Capital Goods,Industrial Products,Plastic Products - Industrial,562.05,90887775
PRESTIGE,Prestige Estates Projects Limited,27-OCT-2010,Realty,Realty,"Residential, Commercial Projects",60521.9,525363715
PRICOLLTD,Pricol Limited,10-FEB-2017,Automobile and Auto Components,Auto Components,Auto Components & Equipments,7312.89,138018125
PRIMESECU,Prime Securities Limited,17-JUN-2005,Financial Services,Finance,Other Financial Services,959.55,34709711
PRIMO,Primo Chemicals Limited,22-APR-2025,Chemicals,Chemicals & Petrochemicals,Commodity Chemicals,574.35,268137254
PRINCEPIPE,Prince Pipes And Fittings Limited,30-DEC-2019,Capital Goods,Industrial Products,Plastic Products - Industrial,3031.36,134799001
PRITI,Priti International Limited,02-MAR-2022,Consumer Durables,Consumer Durables,"Furniture, Home Furnishing",62.04,17315098
PRITIKAUTO,Pritika Auto Industries Limited,10-AUG-2021,Automobile and Auto Components,Auto Components,Auto Components & Equipments,221.63,187187498
PRIVISCL,Privi Speciality Chemicals Limited,08-MAY-2015,Chemicals,Chemicals & Petrochemicals,Specialty Chemicals,12739.91,43316819
PROSTARM,Prostarm Info Systems Limited,03-JUN-2025,Capital Goods,Electrical Equipment,Other Electrical Equipment,933.99,74486802
PROTEAN,Protean eGov Technologies Limited,06-FEB-2025,Information Technology,IT - Services,IT Enabled Services,2205.08,45024604
PROZONER,Prozone Realty Limited,12-SEP-2012,Realty,Realty,"Residential, Commercial Projects",983.81,212853737
PRSMJOHNSN,Prism Johnson Limited,20-AUG-2003,Construction Materials,Cement & Cement Products,Cement & Cement Products,6739.99,544953912
PRUDENT,Prudent Corporate Advisory Services Limited,20-MAY-2022,Financial Services,Capital Markets,Financial Products Distributor,11831.54,52833529
PRUDMOULI,Prudential Sugar Corporation Limited,10-MAY-1995,Fast Moving Consumer Goods,Agricultural Food & other Products,Sugar,53.22,42988691
PSB,Punjab & Sind Bank,30-DEC-2010,Financial Services,Banks,Public Sector Bank,18235.65,8155478310
PSPPROJECT,PSP Projects Limited,29-MAY-2017,Construction,Construction,Civil Construction,2926.16,46524524
PTC,PTC India Limited,07-APR-2004,Power,Power,Power Trading,5778.08,349762718
PTCIL,PTC Industries Limited,09-JUN-2023,Capital Goods,Industrial Products,Other Industrial Products,24257.94,16472864
PTL,PTL Enterprises Limited,29-JAN-2007,Services,Commercial Services & Supplies,Diversified Commercial Services,521.43,139943646
PUNJABCHEM,Punjab Chemicals & Crop Protection Limited,08-MAR-2007,Chemicals,Fertilizers & Agrochemicals,Pesticides & Agrochemicals,1299.81,13818210
PURVA,Puravankara Limited,30-AUG-2007,Realty,Realty,"Residential, Commercial Projects",5177.45,292858770
PVP,PVP Ventures Limited,03-APR-1996,Realty,Realty,"Residential, Commercial Projects",883.81,360444528
PVRINOX,PVR INOX Limited,04-JAN-2006,"Media, Entertainment & Publication",Entertainment,"Film Production, Distribution & Exhibition",10005.59,106171368
PVSL,Popular Vehicles and Services Limited,19-MAR-2024,Automobile and Auto Components,Automobiles,Auto Dealer,737.33,79832178
PWL,Physicswallah Limited,18-NOV-2025,Consumer Services,Other Consumer Services,E-Learning,30687.36,3410843568
PYRAMID,Pyramid Technoplast Limited,29-AUG-2023,Capital Goods,Industrial Products,Packaging,655.1,45673850
QPOWER,Quality Power Electrical Equipments Limited,24-FEB-2025,Capital Goods,Electrical Equipment,Heavy Electrical Equipment,10832.11,124271321
QUADFUTURE,Quadrant Future Tek Limited,14-JAN-2025,Capital Goods,Industrial Products,Cables - Electricals,1270.2,44342815
QUESS,Quess Corp Limited,12-JUL-2016,Services,Commercial Services & Supplies,Diversified Commercial Services,2968.11,165908893
QUICKHEAL,Quick Heal Technologies Limited,18-FEB-2016,Information Technology,IT - Software,Software Products,911.16,64329286
QUINTEGRA,Quintegra Solutions Limited,20-DEC-2000,Information Technology,IT - Software,Computers - Software & Consulting,3.81,32016805
RACE,Race Eco Chain Limited,09-MAY-2023,Utilities,Other Utilities,Waste Management,215.97,17966060
RACLGEAR,RACL Geartech Limited,27-NOV-2024,Automobile and Auto Components,Auto Components,Auto Components & Equipments,1519.96,11875615
RADAAN,Radaan Mediaworks India Limited,27-FEB-2003,"Media, Entertainment & Publication",Entertainment,Media & Entertainment,18.2,63414637
RADHIKAJWE,Radhika Jeweltech Limited,18-JUL-2022,Consumer Durables,Consumer Durables,"Gems, Jewellery And Watches",778.8,137597177
RADIANTCMS,Radiant Cash Management Services Limited,04-JAN-2023,Services,Commercial Services & Supplies,Diversified Commercial Services,451.27,117395946
RADICO,Radico Khaitan Limited,18-JUN-2003,Fast Moving Consumer Goods,Beverages,Breweries & Distilleries,44392.52,169230409
RADIOCITY,Music Broadcast Limited,17-MAR-2017,"Media, Entertainment & Publication",Entertainment,Media & Entertainment,210.52,392761184
RAILTEL,Railtel Corporation Of India Limited,26-FEB-2021,Telecommunic ation,Telecom - Services,Other Telecom Services,10391.99,394308119
RAIN,Rain Industries Limited,03-MAR-2008,Chemicals,Chemicals & Petrochemicals,Petrochemicals,4407.53,389770952
RAINBOW,Rainbow Childrens Medicare Limited,10-MAY-2022,Healthcare,Healthcare Services,Hospital,12739.58,110827142
RAJESHEXPO,Rajesh Exports Limited,09-FEB-2000,Consumer Durables,Consumer Durables,"Gems, Jewellery And Watches",3789.66,434195698
RAJMET,Rajnandini Metal Limited,16-FEB-2021,Capital Goods,Industrial Products,"Aluminium, Copper & Zinc Products",110.32,332289163
RAJOOENG,Rajoo Engineers Limited,29-MAY-2025,Capital Goods,Industrial Manufacturing,Industrial Products,1272.88,238859069
RAJRATAN,Rajratan Global Wire Limited,22-MAY-2020,Automobile and Auto Components,Auto Components,Auto Components & Equipments,2220.98,59808266
RAJRILTD,Raj Rayon Industries Limited,16-MAR-2022,Textiles,Textiles & Apparels,Other Textile Products,1192.8,587296914
RAJSREESUG,Rajshree Sugars & Chemicals Limited,29-MAR-1995,Fast Moving Consumer Goods,Agricultural Food & other Products,Sugar,112.83,40850831
RAJTV,Raj Television Network Limited,16-MAR-2007,"Media, Entertainment & Publication",Entertainment,TV Broadcasting & Software Production,122.57,35030007
RAJVIR,Rajvir Industries Limited,20-SEP-2005,Textiles,Textiles & Apparels,Other Textile Products,3.32,4339869
RALLIS,Rallis India Limited,01-APR-1999,Chemicals,Fertilizers & Agrochemicals,Pesticides & Agrochemicals,5080.89,216309337
RAMANEWS,Shree Rama Newsprint Limited,20-SEP-2006,Forest Materials,"Paper, Forest & Jute Products",Paper & Paper Products,470.45,155984749
RAMAPHO,Rama Phosphates Limited,05-AUG-2022,Chemicals,Fertilizers & Agrochemicals,Fertilizers,482.39,42434025
RAMASTEEL,Rama Steel Tubes Limited,19-AUG-2015,Capital Goods,Industrial Products,Iron & Steel Products,948.9,2297578629
RAMCOCEM,The Ramco Cements Limited,09-APR-1997,Construction Materials,Cement & Cement Products,Cement & Cement Products,22835.3,246828075
RAMCOIND,Ramco Industries Limited,06-NOV-1996,Construction Materials,Other Construction Materials,Other Construction Materials,2340.21,92487453
RAMCOSYS,Ramco Systems Limited,12-APR-2000,Information Technology,IT - Software,Software Products,1598.49,43788250
RAMKY,Ramky Infrastructure Limited,08-OCT-2010,Construction,Construction,Civil Construction,3525.63,78469399
RAMRAT,Ram Ratna Wires Limited,29-JUL-2022,Capital Goods,Electrical Equipment,Other Electrical Equipment,3981.8,131390865
RANASUG,Rana Sugars Limited,24-FEB-2005,Fast Moving Consumer Goods,Agricultural Food & other Products,Sugar,206.09,170463191
RANEHOLDIN,Rane Holdings Limited,24-SEP-1997,Financial Services,Finance,Holding Company,1607.79,15799046
RATEGAIN,Rategain Travel Technologies Limited,17-DEC-2021,Information Technology,IT - Software,Computers - Software & Consulting,7001.3,141870314
RATNAMANI,Ratnamani Metals & Tubes Limited,09-MAY-2006,Capital Goods,Industrial Products,Iron & Steel Products,18882.08,83726855
RATNAVEER,Ratnaveer Precision Engineering Limited,11-SEP-2023,Capital Goods,Industrial Products,Iron & Steel Products,1068.21,76409870
RAYMOND,Raymond Limited,18-OCT-1995,Realty,Realty,"Residential, Commercial Projects",3069.71,87456125
RAYMONDLSL,Raymond Lifestyle Limited,05-SEP-2024,Textiles,Textiles & Apparels,Other Textile Products,4947.0,63545279
RAYMONDREL,Raymond Realty Limited,01-JUL-2025,Realty,Realty,"Residential, Commercial Projects",2906.28,70678013
RBA,Restaurant Brands Asia Limited,14-DEC-2020,Consumer Services,Leisure Services,Restaurants,3738.57,612378386
RBLBANK,RBL Bank Limited,31-AUG-2016,Financial Services,Banks,Private Sector Bank,19341.84,642586047
RBZJEWEL,RBZ Jewellers Limited,27-DEC-2023,Consumer Durables,Consumer Durables,"Gems, Jewellery And Watches",562.08,45768261
RCF,Rashtriya Chemicals and Fertilizers Limited,07-JAN-1998,Chemicals,Fertilizers & Agrochemicals,Fertilizers,7216.11,627870006
RCOM,Reliance Communications Limited,06-MAR-2006,Telecommunic ation,Telecom - Services,Telecom - Cellular & Fixed line services,268.26,3271463443
RECLTD,REC Limited,12-MAR-2008,Financial Services,Finance,Financial Institution,99549.03,3064933305
REDINGTON,Redington Limited,15-FEB-2007,Services,Commercial Services & Supplies,Trading & Distributors,17122.42,851395751
REDTAPE,Redtape Limited,11-AUG-2023,Consumer Durables,Consumer Durables,Footwear,7226.3,632498906
REFEX,Refex Industries Limited,03-DEC-2009,Chemicals,Chemicals & Petrochemicals,Industrial Gases,3514.9,172256797
REGAAL,Regaal Resources Limited,20-AUG-2025,Fast Moving Consumer Goods,Agricultural Food & other Products,Other Agricultural Products,894.62,132555938
REGENCERAM,Regency Ceramics Limited,05-JUN-1996,Consumer Durables,Consumer Durables,Ceramics,122.87,29968293
RELAXO,Relaxo Footwears Limited,17-JUN-2011,Consumer Durables,Consumer Durables,Footwear,7674.53,286951941
RELCHEMQ,Reliance Chemotex Industries Limited,25-MAY-2022,Textiles,Textiles & Apparels,Other Textile Products,89.74,7896172
RELIABLE,Reliable Data Services Limited,10-JUL-2024,Financial Services,Finance,Other Financial Services,135.33,11573591
RELIANCE,Reliance Industries Limited,29-NOV-1995,"Oil, Gas & Consumable Fuels",Petroleum Products,Refineries & Marketing,1848273.63,13685846946
RELIGARE,Religare Enterprises Limited,21-NOV-2007,Financial Services,Finance,Investment Company,7423.79,331596830
RELINFRA,Reliance Infrastructure Limited,08-FEB-1995,Power,Power,Integrated Power Utilities,3214.29,438451795
RELTD,Ravindra Energy Limited,30-JUL-2024,Capital Goods,Electrical Equipment,Other Electrical Equipment,2677.58,202371707
REMSONSIND,Remsons Industries Limited,31-JAN-1996,Automobile and Auto Components,Auto Components,Auto Components & Equipments,386.77,42638078
RENUKA,Shree Renuka Sugars Limited,31-OCT-2005,Fast Moving Consumer Goods,Agricultural Food & other Products,Sugar,5966.16,2121678457
REPCOHOME,Repco Home Finance Limited,01-APR-2013,Financial Services,Finance,Housing Finance Company,2594.42,71501170
REPL,Rudrabhishek Enterprises Limited,14-DEC-2020,Construction,Construction,Civil Construction,146.72,19181593
REPRO,Repro India Limited,22-DEC-2005,"Media, Entertainment & Publication",Printing & Publication,Printing & Publication,504.74,14077256
RESPONIND,Responsive Industries Limited,29-OCT-2010,Consumer Durables,Consumer Durables,"Furniture, Home Furnishing",4151.1,319758109
RETAIL,JHS Svendgaard Retail Ventures Limited,26-JUN-2024,Consumer Services,Retailing,Diversified Retail,16.61,9442865
RGL,Renaissance Global Limited,12-DEC-2007,Consumer Durables,Consumer Durables,"Gems, Jewellery And Watches",1110.28,107294160
RHETAN,Rhetan TMT Limited,26-SEP-2025,Capital Goods,Industrial Products,Iron & Steel Products,2318.11,942704346
RHFL,Reliance Home Finance Limited,22-SEP-2017,Financial Services,Finance,Housing Finance Company,97.5,397959176
RHIM,RHI MAGNESITA INDIA LIMITED,12-MAR-2012,Capital Goods,Industrial Products,Electrodes & Refractories,8491.34,233278571
RHL,Robust Hotels Limited,25-APR-2023,Consumer Services,Leisure Services,Hotels & Resorts,323.7,18760868
RICOAUTO,Rico Auto Industries Limited,12-MAY-2003,Automobile and Auto Components,Auto Components,Auto Components & Equipments,1575.16,144842299
RIIL,Reliance Industrial Infrastructure Limited,29-NOV-1995,Services,Transport Services,Logistics Solution Provider,1207.62,18088976
RISHABH,Rishabh Instruments Limited,11-SEP-2023,Capital Goods,Electrical Equipment,Other Electrical Equipment,1894.07,48854009
RITCO,Ritco Logistics Limited,12-APR-2022,Services,Transport Services,Logistics Solution Provider,622.57,35092159
RITES,RITES Limited,02-JUL-2018,Construction,Construction,Civil Construction,10687.67,560297248
RKDL,Ravi Kumar Distilleries Limited,27-DEC-2010,Fast Moving Consumer Goods,Beverages,Breweries & Distilleries,52.15,26853759
RKEC,RKEC Projects Limited,18-DEC-2020,Construction,Construction,Civil Construction,94.19,30953007
RKFORGE,Ramkrishna Forgings Limited,05-MAY-2004,Automobile and Auto Components,Auto Components,Auto Components & Equipments,10231.69,203413320
RKSWAMY,R K Swamy Limited,12-MAR-2024,"Media, Entertainment & Publication",Media,Advertising & Media Agencies,438.62,54486957
RMDRIP,R M Drip and Sprinklers Systems Limited,30-JUL-2025,Capital Goods,Industrial Products,Plastic Products - Industrial,809.78,323211706
RML,Rane (Madras) Limited,30-AUG-2005,Automobile and Auto Components,Auto Components,Auto Components & Equipments,2140.36,31981472
RNBDENIMS,R&B Denims Limited,04-SEP-2025,Textiles,Textiles & Apparels,Other Textile Products,378.7,195105617
ROHLTD,Royal Orchid Hotels Limited,06-FEB-2006,Consumer Services,Leisure Services,Hotels & Resorts,954.53,30481559
ROLEXRINGS,Rolex Rings Limited,09-AUG-2021,Automobile and Auto Components,Auto Components,Auto Components & Equipments,4036.79,341522005
ROLLT,Rollatainers Limited,22-NOV-2016,Capital Goods,Industrial Products,Packaging,41.77,363217399
ROML,Raj Oil Mills Limited,06-OCT-2020,Fast Moving Consumer Goods,Agricultural Food & other Products,Edible Oil,68.72,17047878
ROSSARI,Rossari Biotech Limited,23-JUL-2020,Chemicals,Chemicals & Petrochemicals,Specialty Chemicals,2792.43,65228450
ROSSELLIND,Rossell India Limited,25-SEP-2012,Fast Moving Consumer Goods,Agricultural Food & other Products,Tea & Coffee,210.5,46923762
ROSSTECH,Rossell Techsys Limited,09-DEC-2024,Capital Goods,Aerospace & Defense,Aerospace & Defense,3740.24,51653641
ROTO,Roto Pumps Limited,21-APR-2022,Capital Goods,Industrial Products,"Compressors, Pumps & Diesel Engines",1138.4,216467008
ROUTE,ROUTE MOBILE LIMITED,21-SEP-2020,Telecommunic ation,Telecom - Services,Other Telecom Services,3349.24,72936409
RPEL,Raghav Productivity Enhancers Limited,08-AUG-2024,Capital Goods,Industrial Products,Electrodes & Refractories,3145.66,50182023
RPGLIFE,RPG Life Sciences Limited,10-JUN-2008,Healthcare,Pharmaceuticals & Biotechnology,Pharmaceuticals,3327.32,17318968
RPOWER,Reliance Power Limited,11-FEB-2008,Power,Power,Power Generation,12167.44,5374311099
RPPINFRA,R.P.P. Infra Projects Limited,06-DEC-2010,Construction,Construction,Civil Construction,405.66,62766520
RPPL,Rajshree Polypack Limited,26-NOV-2021,Capital Goods,Industrial Products,Packaging,119.09,75088274
RPSGVENT,RPSG VENTURES LIMITED,25-JAN-2019,Services,Commercial Services & Supplies,Business Process Outsourcing (BPO)/ Knowledge Process Outsourcing (KPO),2799.28,27411672
RPTECH,Rashi Peripherals Limited,14-FEB-2024,Information Technology,IT - Hardware,Computers Hardware & Equipments,3112.44,85342470
RRKABEL,R R Kabel Limited,20-SEP-2023,Capital Goods,Industrial Products,Cables - Electricals,17061.97,127939190
RSSOFTWARE,R. S. Software (India) Limited,19-MAY-1999,Information Technology,IT - Software,Computers - Software & Consulting,110.38,45668184
RSWM,RSWM Limited,15-FEB-1995,Textiles,Textiles & Apparels,Other Textile Products,758.86,58826357
RSYSTEMS,R Systems International Limited,26-APR-2006,Information Technology,IT - Services,IT Enabled Services,3216.43,121013954
RTNINDIA,RattanIndia Enterprises Limited,30-JUL-2012,Consumer Services,Retailing,E-Retail/ E- Commerce,4994.14,1734678653
RTNPOWER,RattanIndia Power Limited,30-OCT-2009,Power,Power,Power Generation,5450.66,6598861803
RUBFILA,Rubfila International Limited,08-AUG-2024,Capital Goods,Industrial Products,Rubber,406.03,63791043
RUBICON,Rubicon Research Limited,16-OCT-2025,Healthcare,Pharmaceuticals & Biotechnology,Pharmaceuticals,15795.44,203851591
RUBYMILLS,The Ruby Mills Limited,29-MAR-1995,Textiles,Textiles & Apparels,Other Textile Products,776.51,37476352
RUCHINFRA,Ruchi Infrastructure Limited,16-OCT-1996,Services,Commercial Services & Supplies,Diversified Commercial Services,146.81,247154880
RUCHIRA,Ruchira Papers Limited,20-DEC-2006,Forest Materials,"Paper, Forest & Jute Products",Paper & Paper Products,352.74,34326586
RUDRA,Rudra Global Infra Products Limited,19-DEC-2025,Capital Goods,Industrial Products,Iron & Steel Products,220.36,134447839
RUPA,Rupa & Company Limited,07-DEC-2011,Textiles,Textiles & Apparels,Garments & Apparels,1239.87,101288290
RUSHIL,Rushil Decor Limited,07-JUL-2011,Consumer Durables,Consumer Durables,Plywood Boards/ Laminates,503.21,326547700
RUSTOMJEE,Keystone Realtors Limited,24-NOV-2022,Realty,Realty,"Residential, Commercial Projects",4995.83,132726623
RVHL,Ravinder Heights Limited,18-DEC-2020,Realty,Realty,"Residential, Commercial Projects",252.6,68233387
RVNL,Rail Vikas Nigam Limited,11-APR-2019,Construction,Construction,Civil Construction,63791.19,2447294909
RVTH,Revathi Equipment India Limited,11-SEP-2024,Capital Goods,Industrial Manufacturing,Industrial Products,188.54,3419607
S&SPOWER,S&S Power Switchgears Limited,27-SEP-1995,Capital Goods,Electrical Equipment,Other Electrical Equipment,523.03,16110581
SAATVIKGL,Saatvik Green Energy Limited,26-SEP-2025,Capital Goods,Electrical Equipment,Other Electrical Equipment,6184.29,153152308
SABEVENTS,Sab Events & Governance Now Media Limited,15-SEP-2016,"Media, Entertainment & Publication",Media,Electronic Media,10.26,12042253
SADBHAV,Sadbhav Engineering Limited,01-MAR-2006,Construction,Construction,Civil Construction,174.66,217238807
SADBHIN,Sadbhav Infrastructure Project Limited,16-SEP-2015,Construction,Construction,Civil Construction,99.33,455642188
SADHNANIQ,Sadhana Nitrochem Limited,05-MAY-2023,Chemicals,Chemicals & Petrochemicals,Commodity Chemicals,702.63,4684200000
SAFARI,Safari Industries (India) Limited,12-SEP-2019,Consumer Durables,Consumer Durables,Plastic Products - Consumer,7212.4,48137221
SAGARDEEP,Sagardeep Alloys Limited,25-JAN-2019,Capital Goods,Industrial Products,"Aluminium, Copper & Zinc Products",42.66,19002227
SAGCEM,Sagar Cements Limited,29-JAN-2007,Construction Materials,Cement & Cement Products,Cement & Cement Products,2428.68,147981969
SAGILITY,SAGILITY LIMITED,12-NOV-2024,Information Technology,IT - Services,IT Enabled Services,19708.39,4722834943
SAHYADRI,Sahyadri Industries Limited,06-APR-2023,Construction Materials,Other Construction Materials,Other Construction Materials,276.19,12723545
SAIL,Steel Authority of India Limited,06-JUL-1995,Metals & Mining,Ferrous Metals,Iron & Steel,76084.28,4903601328
SAILIFE,Sai Life Sciences Limited,18-DEC-2024,Healthcare,Pharmaceuticals & Biotechnology,Pharmaceuticals,22603.2,235462261
SAKAR,Sakar Healthcare Limited,11-APR-2019,Healthcare,Pharmaceuticals & Biotechnology,Pharmaceuticals,1393.4,27040560
SAKHTISUG,Sakthi Sugars Limited,06-SEP-1995,Fast Moving Consumer Goods,Agricultural Food & other Products,Sugar,215.95,150173851
SAKSOFT,Saksoft Limited,09-MAY-2005,Information Technology,IT - Software,Computers - Software & Consulting,1914.57,154313694
SAKUMA,Sakuma Exports Limited,08-MAR-2006,Services,Commercial Services & Supplies,Trading & Distributors,301.0,1893081721
SALASAR,Salasar Techno Engineering Limited,25-JUL-2017,Capital Goods,Industrial Manufacturing,Industrial Products,1305.72,2053018825
SALONA,Salona Cotspin Limited,16-JUN-2016,Textiles,Textiles & Apparels,Other Textile Products,144.51,5293407
SALSTEEL,S.A.L. Steel Limited,24-NOV-2004,Metals & Mining,Ferrous Metals,Sponge Iron,836.61,208319224
SALZERELEC,Salzer Electronics Limited,02-DEC-2015,Capital Goods,Electrical Equipment,Other Electrical Equipment,1136.29,21243035
SAMBHAAV,Sambhaav Media Limited,05-JUN-1996,"Media, Entertainment & Publication",Media,Electronic Media,134.16,236197190
SAMBHV,Sambhv Steel Tubes Limited,02-JUL-2025,Capital Goods,Industrial Products,Iron & Steel Products,3612.67,358151076
SAMHI,Samhi Hotels Limited,22-SEP-2023,Consumer Services,Leisure Services,Hotels & Resorts,3641.45,266324151
SAMMAANCAP,Sammaan Capital Limited,23-JUL-2013,Financial Services,Finance,Housing Finance Company,16615.33,1130679166
SAMPANN,Sampann Utpadan India Limited,27-JUL-2012,Capital Goods,Industrial Products,Rubber,142.04,52822612
SANATHAN,Sanathan Textiles Limited,27-DEC-2024,Textiles,Textiles & Apparels,Other Textile Products,3893.14,92870703
SANCO,Sanco Industries Limited,22-NOV-2016,Capital Goods,Industrial Products,Plastic Products - Industrial,3.4,15596330
SANDESH,The Sandesh Limited,26-NOV-2002,"Media, Entertainment & Publication",Media,Print Media,756.85,8507278
SANDHAR,Sandhar Technologies Limited,02-APR-2018,Automobile and Auto Components,Auto Components,Auto Components & Equipments,3036.02,65807304
SANDUMA,Sandur Manganese & Iron Ores Limited,07-SEP-2023,"Oil, Gas & Consumable Fuels",Consumable Fuels,Coal,10512.5,574359398
SANGAMIND,Sangam (India) Limited,17-JUL-1996,Textiles,Textiles & Apparels,Other Textile Products,2651.51,62344465
SANGHVIMOV,Sanghvi Movers Limited,24-JAN-2007,Services,Commercial Services & Supplies,Diversified Commercial Services,2629.83,91737185
SANGINITA,Sanginita Chemicals Limited,15-JUL-2019,Chemicals,Chemicals & Petrochemicals,Specialty Chemicals,53.49,27416709
SANOFI,Sanofi India Limited,19-MAY-2003,Healthcare,Pharmaceuticals & Biotechnology,Pharmaceuticals,7902.05,24530836
SANOFICONR,Sanofi Consumer Healthcare India Limited,13-SEP-2024,Healthcare,Pharmaceuticals & Biotechnology,Pharmaceuticals,10700.26,23372709
SANSERA,Sansera Engineering Limited,24-SEP-2021,Automobile and Auto Components,Auto Components,Auto Components & Equipments,16221.29,75921039
SANSTAR,Sanstar Limited,26-JUL-2024,Fast Moving Consumer Goods,Agricultural Food & other Products,Other Agricultural Products,1609.4,206916948
SANWARIA,Sanwaria Consumer Limited,27-MAR-2006,Fast Moving Consumer Goods,Food Products,Other Food Products,14.72,639999988
SAPPHIRE,Sapphire Foods India Limited,18-NOV-2021,Consumer Services,Leisure Services,Restaurants,5654.09,367220235
SARDAEN,Sarda Energy & Minerals Limited,03-DEC-2009,Metals & Mining,Ferrous Metals,Iron & Steel,21590.4,415839744
SAREGAMA,Saregama India Limited,30-JUL-1997,"Media, Entertainment & Publication",Entertainment,Media & Entertainment,6935.36,216391888
SARLAPOLY,Sarla Performance Fibers Limited,19-JAN-2007,Textiles,Textiles & Apparels,Other Textile Products,752.2,96213865
SARVESHWAR,Sarveshwar Foods Limited,08-DEC-2022,Fast Moving Consumer Goods,Agricultural Food & other Products,Other Agricultural Products,494.3,1412285714
SASKEN,Sasken Technologies Limited,09-SEP-2005,Information Technology,IT - Services,IT Enabled Services,1965.13,16556828
SASTASUNDR,Sastasundar Ventures Limited,05-OCT-2010,Healthcare,Healthcare Services,Healthcare Service Provider,861.43,31711026
SATIA,Satia Industries Limited,17-JUL-2019,Forest Materials,"Paper, Forest & Jute Products",Paper & Paper Products,702.8,122524406
SATIN,Satin Creditcare Network Limited,26-AUG-2015,Financial Services,Finance,Microfinance Institutions,1901.76,130615379
SAURASHCEM,Saurashtra Cement Limited,27-FEB-2024,Construction Materials,Cement & Cement Products,Cement & Cement Products,691.54,129598949
SBC,SBC Exports Limited,23-NOV-2021,Textiles,Textiles & Apparels,Garments & Apparels,1585.24,518391107
SBCL,Shivalik Bimetal Controls Limited,24-JUN-2021,Capital Goods,Industrial Products,Iron & Steel Products,3683.79,89815679
SBFC,SBFC Finance Limited,16-AUG-2023,Financial Services,Finance,Non Banking Financial Company (NBFC),10503.19,1272034642
SBGLP,Suratwwala Business Group Limited,10-FEB-2023,Realty,Realty,"Residential, Commercial Projects",458.86,210100731
SBICARD,SBI Cards and Payment Services Limited,16-MAR-2020,Financial Services,Finance,Non Banking Financial Company (NBFC),63823.83,1000059993
SBILIFE,SBI Life Insurance Company Limited,03-OCT-2017,Financial Services,Insurance,Life Insurance,182087.67,1026424295
SBIN,State Bank of India,01-MAR-1995,Financial Services,Banks,Public Sector Bank,1026306.22,10077633498
SCHAEFFLER,Schaeffler India Limited,29-NOV-2000,Automobile and Auto Components,Auto Components,Auto Components & Equipments,68070.25,182314125
SCHAND,S Chand And Company Limited,09-MAY-2017,"Media, Entertainment & Publication",Printing & Publication,Printing & Publication,567.28,41733247
SCHNEIDER,Schneider Electric Infrastructure Limited,20-MAR-2012,Capital Goods,Electrical Equipment,Heavy Electrical Equipment,28261.62,311921201
SCI,Shipping Corporation Of India Limited,13-AUG-1997,Services,Transport Services,Shipping,13525.9,591813600
SCILAL,Shipping Corporation of India Land and Assets Limited,19-MAR-2024,Financial Services,Finance,Investment Company,2099.82,526007038
SCODATUBES,Scoda Tubes Limited,04-JUN-2025,Capital Goods,Industrial Products,Iron & Steel Products,901.45,64435314
SCPL,Sheetal Cool Products Limited,22-NOV-2022,Fast Moving Consumer Goods,Food Products,Dairy Products,353.17,10939136
SDBL,Som Distilleries & Breweries Limited,18-MAR-2014,Fast Moving Consumer Goods,Beverages,Breweries & Distilleries,1895.23,272616526
SEAMECLTD,Seamec Limited,28-JUN-1995,Services,Transport Services,Shipping,3954.86,26441533
SECMARK,SecMark Consultancy Limited,16-OCT-2023,Information Technology,IT - Software,Computers - Software & Consulting,120.55,11298032
SECURKLOUD,SECUREKLOUD TECHNOLOGIES LIMITED,29-JAN-2014,Information Technology,IT - Services,IT Enabled Services,74.94,38668732
SEJALLTD,Sejal Glass Limited,13-DEC-2021,Capital Goods,Industrial Products,Glass - Industrial,917.64,21791498
SELMC,SEL Manufacturing Company Limited,26-OCT-2021,Textiles,Textiles & Apparels,Other Textile Products,108.91,37183338
SEMAC,Semac Construction Limited,11-AUG-2005,Construction,Construction,Civil Construction,86.68,3755633
SENCO,Senco Gold Limited,14-JUL-2023,Consumer Durables,Consumer Durables,"Gems, Jewellery And Watches",5291.77,183233041
SENORES,Senores Pharmaceuticals Limited,30-DEC-2024,Healthcare,Pharmaceuticals & Biotechnology,Pharmaceuticals,4327.89,55185081
SEPC,SEPC Limited,20-FEB-2008,Construction,Construction,Civil Construction,1449.67,2588696473
SERVOTECH,Servotech Renewable Power System Limited,02-SEP-2021,Capital Goods,Electrical Equipment,Other Electrical Equipment,2043.45,296668130
SESHAPAPER,Seshasayee Paper and Boards Limited,29-MAR-1995,Forest Materials,"Paper, Forest & Jute Products",Paper & Paper Products,1689.47,66342181
SETCO,Setco Automotive Limited,01-JUL-2016,Automobile and Auto Components,Auto Components,Auto Components & Equipments,333.48,154603618
SETL,Standard Engineering Technology Limited,13-JAN-2025,Capital Goods,Industrial Manufacturing,Industrial Products,2733.63,215517982
SETUINFRA,Setubandhan Infrastructure Limited,04-OCT-2011,Construction,Construction,Civil Construction,8.17,209487187
SEYAIND,Seya Industries Limited,11-JUL-2019,Chemicals,Chemicals & Petrochemicals,Specialty Chemicals,34.81,33730621
SFL,Sheela Foam Limited,09-DEC-2016,Consumer Durables,Consumer Durables,"Furniture, Home Furnishing",5736.77,115022957
SGFIN,SG Finserve Limited,05-AUG-2025,Financial Services,Finance,Non Banking Financial Company (NBFC),3609.07,79776084
SGIL,Synergy Green Industries Limited,28-JUL-2021,Capital Goods,Industrial Products,Castings & Forgings,841.19,17319127
SGL,STL Global Limited,10-APR-2006,Textiles,Textiles & Apparels,Other Textile Products,33.11,33614212
SGMART,SG Mart Limited,12-SEP-2025,Metals & Mining,Metals & Minerals Trading,Trading - Metals,6963.39,137943545
SHADOWFAX,Shadowfax Technologies Limited,28-JAN-2026,Services,Transport Services,Logistics Solution Provider,9109.94,778361238
SHAH,Shah Metacorp Limited,27-OCT-2010,Capital Goods,Industrial Products,Iron & Steel Products,469.16,975384627
SHAHALLOYS,Shah Alloys Limited,16-JUN-2005,Capital Goods,Industrial Products,Iron & Steel Products,138.76,23878850
SHAILY,Shaily Engineering Plastics Limited,04-APR-2022,Capital Goods,Industrial Products,Plastic Products - Industrial,11133.08,53439638
SHAKTIPUMP,Shakti Pumps (India) Limited,29-JAN-2015,Capital Goods,Industrial Products,"Compressors, Pumps & Diesel Engines",6972.6,140619137
SHALBY,Shalby Limited,15-DEC-2017,Healthcare,Healthcare Services,Hospital,1799.23,129069590
SHALPAINTS,Shalimar Paints Limited,03-MAR-2008,Consumer Durables,Consumer Durables,Paints,430.86,102659039
SHANKARA,Shankara Building Products Limited,05-APR-2017,Consumer Services,Retailing,Speciality Retail,295.87,25685389
SHANTI,Shanti Overseas (India) Limited,16-SEP-2021,Fast Moving Consumer Goods,Agricultural Food & other Products,Edible Oil,8.02,12590267
SHANTIGEAR,Shanthi Gears Limited,17-JAN-1996,Capital Goods,Industrial Manufacturing,Industrial Products,3670.85,82250730
SHANTIGOLD,Shanti Gold International Limited,01-AUG-2025,Consumer Durables,Consumer Durables,"Gems, Jewellery And Watches",1489.36,87982042
SHARDACROP,Sharda Cropchem Limited,23-SEP-2014,Chemicals,Fertilizers & Agrochemicals,Pesticides & Agrochemicals,10147.1,114359294
SHARDAMOTR,Sharda Motor Industries Limited,03-SEP-2015,Automobile and Auto Components,Auto Components,Auto Components & Equipments,5008.54,68041573
SHAREINDIA,Share India Securities Limited,21-SEP-2020,Financial Services,Capital Markets,Stockbroking & Allied,3208.2,248139854
SHEKHAWATI,Shekhawati Industries Limited,12-JAN-2011,Textiles,Textiles & Apparels,Other Textile Products,59.87,59870000
SHEMAROO,Shemaroo Entertainment Limited,01-OCT-2014,"Media, Entertainment & Publication",Entertainment,Media & Entertainment,284.43,32897294
SHILCTECH,Shilchar Technologies Limited,24-NOV-2025,Capital Goods,Electrical Equipment,Other Electrical Equipment,6076.58,15288532
SHILPAMED,Shilpa Medicare Limited,03-DEC-2009,Healthcare,Pharmaceuticals & Biotechnology,Pharmaceuticals,8120.56,208808437
SHIVALIK,Shivalik Rasayan Limited,09-DEC-2021,Chemicals,Fertilizers & Agrochemicals,Pesticides & Agrochemicals,421.84,17601602
SHIVAMAUTO,Shivam Autotech Limited,21-NOV-2006,Automobile and Auto Components,Auto Components,Auto Components & Equipments,251.68,152718451
SHIVAMILLS,Shiva Mills Limited,26-FEB-2018,Textiles,Textiles & Apparels,Other Textile Products,52.59,11059937
SHIVATEX,Shiva Texyarn Limited,26-DEC-2017,Textiles,Textiles & Apparels,Other Textile Products,200.92,14307485
SHIVAUM,Shiv Aum Steels Limited,14-NOV-2025,Services,Commercial Services & Supplies,Trading & Distributors,492.33,15003200
SHK,S H Kelkar and Company Limited,16-NOV-2015,Chemicals,Chemicals & Petrochemicals,Specialty Chemicals,2056.1,170178779
SHOPERSTOP,Shoppers Stop Limited,23-MAY-2005,Consumer Services,Retailing,Diversified Retail,3271.04,110620219
SHRADHA,Shradha Infraprojects Limited,22-OCT-2020,Realty,Realty,"Residential, Commercial Projects",322.37,104394433
SHREDIGCEM,Shree Digvijay Cement Co.Ltd,28-JAN-2020,Construction Materials,Cement & Cement Products,Cement & Cement Products,1095.71,165690314
SHREECEM,SHREE CEMENT LIMITED,26-APR-1995,Construction Materials,Cement & Cement Products,Cement & Cement Products,90652.88,39201245
SHREEJISPG,Shreeji Shipping Global Limited,26-AUG-2025,Services,Transport Services,Shipping,6451.56,192987144
SHREEPUSHK,Shree Pushkar Chemicals & Fertilisers Limited,10-SEP-2015,Chemicals,Chemicals & Petrochemicals,Dyes And Pigments,1283.0,41214264
SHREERAMA,Shree Rama Multi-Tech Limited,13-MAR-2000,Capital Goods,Industrial Products,Packaging,630.5,136353801
SHRENIK,Shrenik Limited,02-AUG-2019,Forest Materials,"Paper, Forest & Jute Products",Paper & Paper Products,23.87,612051305
SHREYANIND,Shreyans Industries Limited,06-NOV-1996,Forest Materials,"Paper, Forest & Jute Products",Paper & Paper Products,236.17,17116249
SHRINGARMS,Shringar House of Mangalsutra Limited,17-SEP-2025,Consumer Durables,Consumer Durables,"Gems, Jewellery And Watches",1964.8,111680787
SHRIPISTON,Shriram Pistons & Rings Limited,02-JUN-2016,Automobile and Auto Components,Auto Components,Auto Components & Equipments,15722.26,53688910
SHRIRAMFIN,Shriram Finance Limited,11-DEC-1996,Financial Services,Finance,Non Banking Financial Company (NBFC),229304.58,2571832506
SHRIRAMPPS,Shriram Properties Limited,20-DEC-2021,Realty,Realty,"Residential, Commercial Projects",1444.42,213639992
SHYAMCENT,Shyam Century Ferrous Limited,28-JUL-2015,Metals & Mining,Ferrous Metals,Ferro & Silica Manganese,119.45,294938258
SHYAMMETL,Shyam Metalics and Energy Limited,24-JUN-2021,Capital Goods,Industrial Products,Iron & Steel Products,24735.27,312057897
SHYAMTEL,Shyam Telecom Limited,06-NOV-2006,Services,Commercial Services & Supplies,Trading & Distributors,22.04,25073948
SICALLOG,Sical Logistics Limited,12-OCT-2023,Services,Transport Services,Logistics Solution Provider,546.53,86750794
SIEMENS,Siemens Limited,06-SEP-1995,Capital Goods,Electrical Equipment,Heavy Electrical Equipment,137320.07,453710651
SIGACHI,Sigachi Industries Limited,15-NOV-2021,Healthcare,Pharmaceuticals & Biotechnology,Pharmaceuticals,803.59,415721678
SIGIND,Signet Industries Limited,29-AUG-2018,Services,Commercial Services & Supplies,Trading & Distributors,147.8,31601454
SIGMA,Sigma Solve Limited,09-JUN-2023,Information Technology,IT - Services,IT Enabled Services,462.9,118147013
SIGMAADV,SIGMA ADVANCED SYSTEMS LIMITED,19-JUL-2007,Capital Goods,Aerospace & Defense,Aerospace & Defense,4379.38,277808933
SIGNATURE,Signatureglobal (India) Limited,27-SEP-2023,Realty,Realty,"Residential, Commercial Projects",12178.06,162482455
SIGNPOST,Signpost India Limited,14-FEB-2024,"Media, Entertainment & Publication",Media,Advertising & Media Agencies,1405.15,61032447
SIKKO,Sikko Industries Limited,22-OCT-2021,Chemicals,Fertilizers & Agrochemicals,Pesticides & Agrochemicals,209.23,482096757
SIL,Standard Industries Limited,27-JAN-2004,Realty,Realty,Real Estate related services,100.74,77018349
SILGO,Silgo Retail Limited,03-MAR-2021,Consumer Durables,Consumer Durables,"Gems, Jewellery And Watches",187.44,25557678
SILINV,SIL Investments Limited,22-MAY-1996,Financial Services,Finance,Investment Company,482.41,12007716
SILLYMONKS,Silly Monks Entertainment Limited,08-JUL-2020,"Media, Entertainment & Publication",Entertainment,Media & Entertainment,21.66,14240631
SILVERTUC,Silver Touch Technologies Limited,12-MAY-2022,Information Technology,IT - Software,Computers - Software & Consulting,1854.34,162050161
SIMBHALS,Simbhaoli Sugars Limited,14-MAR-2016,Fast Moving Consumer Goods,Agricultural Food & other Products,Sugar,42.39,58711913
SIMPLEXINF,Simplex Infrastructures Limited,09-MAR-2004,Construction,Construction,Civil Construction,1826.23,117006021
SINCLAIR,Sinclairs Hotels Limited,10-APR-2024,Consumer Services,Leisure Services,Hotels & Resorts,410.54,53933261
SINDHUTRAD,Sindhu Trade Links Limited,20-JUN-2023,Services,Transport Services,Logistics Solution Provider,3674.42,1670190909
SINTERCOM,Sintercom India Limited,07-OCT-2020,Automobile and Auto Components,Auto Components,Auto Components & Equipments,206.24,29167021
SIRCA,Sirca Paints India Limited,22-JUL-2019,Consumer Durables,Consumer Durables,Paints,2464.52,58387111
SIS,SIS LIMITED,10-AUG-2017,Consumer Services,Other Consumer Services,Other Consumer Services,4834.41,167948928
SITINET,Siti Networks Limited,10-JAN-2007,"Media, Entertainment & Publication",Entertainment,TV Broadcasting & Software Production,33.14,1104666623
SIYSIL,Siyaram Silk Mills Limited,29-JAN-2007,Textiles,Textiles & Apparels,Other Textile Products,2575.21,53627862
SJS,S.J.S. Enterprises Limited,15-NOV-2021,Automobile and Auto Components,Auto Components,Auto Components & Equipments,5232.11,32621173
SJVN,SJVN Limited,20-MAY-2010,Power,Power,Power Generation,31599.48,4692527728
SKFINDIA,SKF India Limited,27-JAN-1999,Capital Goods,Industrial Products,Abrasives & Bearings,8603.69,56082981
SKFINDUS,SKF India (Industrial) Limited,05-DEC-2025,Capital Goods,Industrial Products,Abrasives & Bearings,11276.8,49503073
SKIL,SKIL Infrastructure Limited,09-OCT-1996,Construction,Construction,Civil Construction,19.92,223820228
SKIPPER,Skipper Limited,27-MAY-2015,Capital Goods,Electrical Equipment,Heavy Electrical Equipment,5395.58,153501565
SKMEGGPROD,SKM Egg Products Export (India) Limited,14-MAR-1997,Fast Moving Consumer Goods,Food Products,Meat Products including Poultry,903.33,56909848
SKYGOLD,SKY GOLD AND DIAMONDS LIMITED,06-JAN-2023,Consumer Durables,Consumer Durables,"Gems, Jewellery And Watches",6541.87,192379657
SMARTLINK,Smartlink Holdings Limited,11-APR-2001,Information Technology,IT - Hardware,Computers Hardware & Equipments,133.05,11505534
SMARTWORKS,Smartworks Coworking Spaces Limited,17-JUL-2025,Services,Commercial Services & Supplies,Diversified Commercial Services,4951.55,132076556
SMCGLOBAL,SMC Global Securities Limited,24-FEB-2021,Financial Services,Capital Markets,Stockbroking & Allied,1383.72,224011654
SMLMAH,SML Mahindra Limited,29-AUG-2003,Capital Goods,"Agricultural, Commercial & Construction Vehicles",Commercial Vehicles,5657.34,13930904
SMLT,Sarthak Metals Limited,25-NOV-2021,Capital Goods,Industrial Products,Iron & Steel Products,97.03,15326172
SMSPHARMA,SMS Pharmaceuticals Limited,28-FEB-2007,Healthcare,Pharmaceuticals & Biotechnology,Pharmaceuticals,3742.8,96401803
SNOWMAN,Snowman Logistics Limited,12-SEP-2014,Services,Transport Services,Logistics Solution Provider,698.93,200209110
SOBHA,Sobha Limited,20-DEC-2006,Realty,Realty,"Residential, Commercial Projects",15297.81,132242474
SOFTTECH,Softtech Engineers Limited,25-FEB-2022,Information Technology,IT - Software,Computers - Software & Consulting,486.84,19293018
SOLARA,Solara Active Pharma Sciences Limited,27-JUN-2018,Healthcare,Pharmaceuticals & Biotechnology,Pharmaceuticals,1748.23,36719806
SOLARINDS,Solar Industries India Limited,03-APR-2006,Chemicals,Chemicals & Petrochemicals,Explosives,138078.77,105331276
SOLARWORLD,Solarworld Energy Solutions Limited,30-SEP-2025,Construction,Construction,Civil Construction,1738.31,99874172
SOLEX,Solex Energy Limited,08-OCT-2025,Capital Goods,Electrical Equipment,Heavy Electrical Equipment,1384.66,13617151
SOMANYCERA,Somany Ceramics Limited,22-NOV-1995,Consumer Durables,Consumer Durables,Ceramics,1894.18,48793919
SOMATEX,Soma Textiles & Industries Limited,14-AUG-1996,Textiles,Textiles & Apparels,Other Textile Products,359.7,36006005
SOMICONVEY,Somi Conveyor Beltings Limited,18-JUL-2016,Capital Goods,Industrial Manufacturing,Industrial Products,133.03,13140063
SONACOMS,Sona BLW Precision Forgings Limited,24-JUN-2021,Automobile and Auto Components,Auto Components,Auto Components & Equipments,36605.02,737187008
SONAMLTD,SONAM LIMITED,07-APR-2022,Consumer Durables,Consumer Durables,Consumer Electronics,207.77,38734154
SONATSOFTW,Sonata Software Limited,28-JUL-1999,Information Technology,IT - Software,Computers - Software & Consulting,7288.52,314444981
SOTL,Savita Oil Technologies Limited,28-JUN-1995,"Oil, Gas & Consumable Fuels",Petroleum Products,Lubricants,2551.82,81113158
SOUTHBANK,The South Indian Bank Limited,08-DEC-1998,Financial Services,Banks,Private Sector Bank,10446.71,2843415766
SOUTHWEST,South West Pinnacle Exploration Limited,18-APR-2019,Services,Commercial Services & Supplies,Diversified Commercial Services,700.8,32306842
SPAL,S. P. Apparels Limited,12-AUG-2016,Textiles,Textiles & Apparels,Garments & Apparels,2043.16,28489994
SPANDANA,Spandana Sphoorty Financial Limited,19-AUG-2019,Financial Services,Finance,Microfinance Institutions,1792.25,89144490
SPARC,Sun Pharma Advanced Research Company Limited,18-JUL-2007,Healthcare,Pharmaceuticals & Biotechnology,Pharmaceuticals,4761.38,383796558
SPCENET,Spacenet Enterprises India Limited,10-JAN-2017,Services,Commercial Services & Supplies,Trading & Distributors,235.04,750926490
SPECIALITY,Speciality Restaurants Limited,30-MAY-2012,Consumer Services,Leisure Services,Restaurants,481.68,49408146
SPECTRUM,Spectrum Electrical Industries Limited,28-MAR-2025,Capital Goods,Industrial Manufacturing,Industrial Products,1813.22,12924798
SPENCERS,Spencer's Retail Limited,25-JAN-2019,Consumer Services,Retailing,Diversified Retail,307.26,102249587
SPIC,Southern Petrochemicals Industries Corporation  Limited,10-JAN-1996,Chemicals,Fertilizers & Agrochemicals,Fertilizers,1445.44,233738680
SPLIL,SPL Industries Limited,26-JUL-2005,Textiles,Textiles & Apparels,Trading - Textile Products,96.34,38909531
SPLPETRO,Supreme Petrochem Limited,24-MAY-2022,Chemicals,Chemicals & Petrochemicals,Petrochemicals,14525.25,198364630
SPMLINFRA,SPML Infra Limited,14-FEB-1996,Construction,Construction,Civil Construction,1830.88,106458893
SPORTKING,Sportking India Limited,24-AUG-2022,Textiles,Textiles & Apparels,Other Textile Products,1738.85,135350664
SRD,Shankar Lal Rampal Dye-Chem Limited,09-OCT-2024,Chemicals,Chemicals & Petrochemicals,Trading - Chemicals,287.34,64498318
SREEL,Sreeleathers Limited,01-JAN-2014,Consumer Durables,Consumer Durables,Footwear,424.43,23484204
SRF,SRF Limited,18-AUG-2003,Chemicals,Chemicals & Petrochemicals,Commodity Chemicals,74349.27,307724295
SRGHFL,SRG Housing Finance Limited,21-AUG-2023,Financial Services,Finance,Housing Finance Company,440.59,18038485
SRHHYPOLTD,Sree Rayalaseema Hi-Strength Hypo Limited,08-MAY-2007,Chemicals,Chemicals & Petrochemicals,Commodity Chemicals,866.48,20566818
SRM,SRM Contractors Limited,03-APR-2024,Construction,Construction,Civil Construction,1210.99,28984922
SSDL,Saraswati Saree Depot Limited,20-AUG-2024,Textiles,Textiles & Apparels,Garments & Apparels,246.67,44397047
SSWL,Steel Strips Wheels Limited,06-JUN-2005,Automobile and Auto Components,Auto Components,Auto Components & Equipments,3305.66,174671598
STALLION,Stallion India Fluorochemicals Limited,23-JAN-2025,Chemicals,Chemicals & Petrochemicals,Industrial Gases,1865.03,166878129
STANLEY,Stanley Lifestyles Limited,28-JUN-2024,Consumer Durables,Consumer Durables,"Furniture, Home Furnishing",821.47,65455777
STAR,Strides Pharma Science Limited,02-FEB-2000,Healthcare,Pharmaceuticals & Biotechnology,Pharmaceuticals,10125.63,104264323
STARCEMENT,Star Cement Limited,16-JUN-2017,Construction Materials,Cement & Cement Products,Cement & Cement Products,9505.52,459470213
STARHEALTH,Star Health and Allied Insurance Company Limited,10-DEC-2021,Financial Services,Insurance,General Insurance,30338.08,645628440
STARPAPER,Star Paper Mills Limited,13-SEP-1995,Forest Materials,"Paper, Forest & Jute Products",Paper & Paper Products,218.01,17004133
STARTECK,Starteck Finance Limited,04-MAY-2022,Financial Services,Finance,Non Banking Financial Company (NBFC),244.2,10390163
STCINDIA,The State Trading Corporation of India Limited,01-APR-2003,Services,Commercial Services & Supplies,Trading & Distributors,723.3,69554766
STEELCAS,Steelcast Limited,23-NOV-2021,Capital Goods,Industrial Products,Castings & Forgings,3001.39,128467660
STEELCITY,Steel City Securities Limited,27-JUN-2019,Financial Services,Capital Markets,Stockbroking & Allied,125.37,16212336
STEELXIND,STEEL EXCHANGE INDIA LIMITED,20-JUL-2017,Capital Goods,Industrial Products,Iron & Steel Products,1242.23,1645337707
STEL,Stel Holdings Limited,09-FEB-2011,Financial Services,Finance,Investment Company,837.97,18969327
STERTOOLS,Sterling Tools Limited,02-FEB-2006,Automobile and Auto Components,Auto Components,Auto Components & Equipments,931.58,46271295
STLNETWORK,STL Networks Limited,04-SEP-2025,Telecommunic ation,Telecom - Services,Other Telecom Services,1468.97,785545422
STLTECH,Sterlite Technologies Limited,08-DEC-2000,Telecommunic ation,Telecom - Equipment & Accessories,Telecom - Equipment & Accessories,13656.48,767951406
STOVEKRAFT,Stove Kraft Limited,05-FEB-2021,Consumer Durables,Consumer Durables,Household Appliances,1796.57,37715335
STUDDS,Studds Accessories Limited,07-NOV-2025,Automobile and Auto Components,Auto Components,Auto Components & Equipments,1931.86,42906385
STYL,Seshaasai Technologies Limited,30-SEP-2025,Financial Services,Financial Technology (Fintech),Financial Technology (Fintech),3949.36,172085403
STYLAMIND,Stylam Industries Limited,02-AUG-2021,Consumer Durables,Consumer Durables,Plywood Boards/ Laminates,3795.69,17439421
STYLEBAAZA,Baazar Style Retail Limited,06-SEP-2024,Consumer Services,Retailing,Speciality Retail,2916.79,96742620
STYRENIX,Styrenix Performance Materials Limited,29-MAR-1995,Chemicals,Chemicals & Petrochemicals,Specialty Chemicals,4104.27,22435060
SUBEXLTD,Subex Limited,05-NOV-2020,Information Technology,IT - Software,Software Products,529.86,674980900
SUBROS,Subros Limited,13-JUL-2005,Capital Goods,Industrial Products,Other Industrial Products,5082.52,74567491
SUDARCOLOR,Sudarshan Colorants India Limited,14-JUN-1995,Chemicals,Chemicals & Petrochemicals,Dyes And Pigments,838.45,27173879
SUDARSCHEM,Sudarshan Chemical Industries Limited,25-MAY-1995,Chemicals,Chemicals & Petrochemicals,Dyes And Pigments,6952.44,91215428
SUDEEPPHRM,Sudeep Pharma Limited,28-NOV-2025,Healthcare,Pharmaceuticals & Biotechnology,Pharmaceuticals,7669.78,124691600
SUKHJITS,Sukhjit Starch & Chemicals Limited,07-NOV-2022,Fast Moving Consumer Goods,Agricultural Food & other Products,Other Agricultural Products,568.48,35692848
SULA,Sula Vineyards Limited,22-DEC-2022,Fast Moving Consumer Goods,Beverages,Breweries & Distilleries,1498.6,95763304
SUMEETINDS,Sumeet Industries Limited,10-DEC-2010,Textiles,Textiles & Apparels,Other Textile Products,1581.08,542208508
SUMICHEM,Sumitomo Chemical India Limited,27-JAN-2020,Chemicals,Fertilizers & Agrochemicals,Pesticides & Agrochemicals,22202.0,579232995
SUMIT,Sumit Woods Limited,30-JUL-2019,Realty,Realty,"Residential, Commercial Projects",253.27,54537039
SUMMITSEC,Summit Securities Limited,28-JAN-2011,Financial Services,Finance,Investment Company,1806.43,12137539
SUNCLAY,Sundaram Clayton Limited,29-DEC-2023,Automobile and Auto Components,Auto Components,Auto Components & Equipments,3154.14,25318925
SUNDARAM,Sundaram Multi Pap Limited,02-JUN-2010,Fast Moving Consumer Goods,Household Products,Stationary,69.19,567131134
SUNDARMFIN,Sundaram Finance Limited,07-JAN-1998,Financial Services,Finance,Non Banking Financial Company (NBFC),51886.61,114338056
SUNDRMBRAK,Sundaram Brake Linings Limited,17-JUL-1996,Automobile and Auto Components,Auto Components,Auto Components & Equipments,238.16,4790506
SUNDRMFAST,Sundram Fasteners Limited,07-JUN-2000,Automobile and Auto Components,Auto Components,Auto Components & Equipments,17201.11,229378710
SUNDROP,Sundrop Brands Limited,06-DEC-2002,Fast Moving Consumer Goods,Agricultural Food & other Products,Edible Oil,2466.51,42158962
SUNFLAG,Sunflag Iron And Steel Company Limited,29-SEP-2005,Capital Goods,Industrial Products,Iron & Steel Products,5335.4,249119860
SUNPHARMA,Sun Pharmaceutical Industries Limited,08-FEB-1995,Healthcare,Pharmaceuticals & Biotechnology,Pharmaceuticals,415924.72,2455861632
SUNTECK,Sunteck Realty Limited,13-NOV-2009,Realty,Realty,"Residential, Commercial Projects",5218.03,171673953
SUNTV,Sun TV Network Limited,24-APR-2006,"Media, Entertainment & Publication",Entertainment,TV Broadcasting & Software Production,24078.57,404443957
SUPERHOUSE,Superhouse Limited,26-SEP-2014,Consumer Durables,Consumer Durables,Leather And Leather Products,167.88,12027511
SUPERSPIN,Super Spinning Mills Limited,08-JUL-2004,Textiles,Textiles & Apparels,Other Textile Products,29.76,67945204
SUPRAJIT,Suprajit Engineering Limited,18-FEB-2005,Automobile and Auto Components,Auto Components,Auto Components & Equipments,5819.49,141404208
SUPREME,Supreme Holdings & Hospitality (India) Limited,03-FEB-2025,Realty,Realty,"Residential, Commercial Projects",201.47,40504623
SUPREMEENG,Supreme Engineering Limited,04-DEC-2020,Capital Goods,Industrial Products,Iron & Steel Products,25.24,257551015
SUPREMEIND,Supreme Industries Limited,19-JUL-1995,Capital Goods,Industrial Products,Plastic Products - Industrial,46903.4,128781194
SUPREMEINF,Supreme Infrastructure India Limited,18-OCT-2007,Construction,Construction,Civil Construction,766.86,123687097
SUPRIYA,Supriya Lifescience Limited,28-DEC-2021,Healthcare,Pharmaceuticals & Biotechnology,Pharmaceuticals,5669.61,92610420
SURAJEST,Suraj Estate Developers Limited,26-DEC-2023,Realty,Realty,"Residential, Commercial Projects",1161.13,60757155
SURAJLTD,Suraj Limited,29-AUG-2024,Capital Goods,Industrial Products,Iron & Steel Products,444.25,17997489
SURAKSHA,Suraksha Diagnostic Limited,06-DEC-2024,Healthcare,Healthcare Services,Healthcare Service Provider,1487.74,60729040
SURANASOL,Surana Solar Limited,07-JAN-2011,Capital Goods,Electrical Equipment,Heavy Electrical Equipment,137.73,61322353
SURANAT&P,Surana Telecom and Power Limited,22-MAY-2002,Power,Power,Power Generation,265.27,155037984
SURYALAXMI,Suryalakshmi Cotton Mills Limited,15-JUN-2005,Textiles,Textiles & Apparels,Other Textile Products,110.37,22369274
SURYAROSNI,Surya Roshni Limited,10-MAY-1995,Capital Goods,Industrial Products,Iron & Steel Products,5198.45,239130135
SURYODAY,Suryoday Small Finance Bank Limited,26-MAR-2021,Financial Services,Banks,Other Bank,1587.76,126112786
SUTLEJTEX,Sutlej Textiles and Industries Limited,14-DEC-2006,Textiles,Textiles & Apparels,Other Textile Products,634.02,227900793
SUVEN,Suven Life Sciences Limited,23-OCT-2003,Healthcare,Healthcare Services,"Healthcare Research, Analytics & Technology",5580.33,353274865
SUVIDHAA,Suvidhaa Infoserve Limited,31-MAR-2021,Financial Services,Financial Technology (Fintech),Financial Technology (Fintech),62.73,256040811
SUYOG,Suyog Telematics Limited,20-AUG-2024,Telecommunic ation,Telecom - Services,Telecom - Infrastructure,898.64,13481960
SUZLON,Suzlon Energy Limited,19-OCT-2005,Capital Goods,Electrical Equipment,Heavy Electrical Equipment,77453.77,18993078058
SVLL,Shree Vasu Logistics Limited,21-APR-2023,Services,Transport Services,Logistics Solution Provider,651.64,12555684
SVPGLOB,SVP GLOBAL TEXTILES LIMITED,14-JUL-2021,Textiles,Textiles & Apparels,Other Textile Products,42.76,178912126
SWANCORP,SWAN CORP LIMITED,29-MAY-2012,Chemicals,Chemicals & Petrochemicals,Petrochemicals,10583.87,336904988
SWANDEF,Swan Defence and Heavy Industries Limited,20-JAN-2025,Capital Goods,Industrial Manufacturing,Ship Building & Allied Services,9789.4,60220227
SWARAJENG,Swaraj Engines Limited,06-DEC-1995,Capital Goods,Industrial Products,"Compressors, Pumps & Diesel Engines",4828.36,13625194
SWELECTES,Swelect Energy Systems Limited,09-MAY-2006,Capital Goods,Electrical Equipment,Heavy Electrical Equipment,997.75,18523159
SWIGGY,Swiggy Limited,13-NOV-2024,Consumer Services,Retailing,E-Retail/ E- Commerce,79000.17,2869081832
SWSOLAR,Sterling and Wilson Renewable Energy Limited,20-AUG-2019,Construction,Construction,Civil Construction,5044.52,304878508
SYMPHONY,Symphony Limited,15-JUN-2011,Consumer Durables,Consumer Durables,Household Appliances,5865.22,80533023
SYNCOMF,Syncom Formulations (India) Limited,18-NOV-2022,Healthcare,Pharmaceuticals & Biotechnology,Pharmaceuticals,1317.88,1166265467
SYNGENE,Syngene International Limited,11-AUG-2015,Healthcare,Healthcare Services,"Healthcare Research, Analytics & Technology",17646.73,451207612
SYRMA,Syrma SGS Technology Limited,26-AUG-2022,Capital Goods,Industrial Manufacturing,Industrial Products,18885.82,237169663
SYSTMTXC,Systematix Corporate Services Limited,06-OCT-2025,Financial Services,Capital Markets,Stockbroking & Allied,1001.51,159247895
TAINWALCHM,Tainwala Chemical and Plastic (I) Limited,27-JUL-1995,Capital Goods,Industrial Products,Plastic Products - Industrial,195.49,11149832
TAJGVK,Taj GVK Hotels & Resorts Limited,20-DEC-2000,Consumer Services,Leisure Services,Hotels & Resorts,2081.69,65834596
TAKE,Take Solutions Limited,27-AUG-2007,Healthcare,Healthcare Services,"Healthcare Research, Analytics & Technology",670.73,162759043
TALBROAUTO,Talbros Automotive Components Limited,29-SEP-2006,Automobile and Auto Components,Auto Components,Auto Components & Equipments,1823.26,73917943
TANLA,Tanla Platforms Limited,05-JAN-2007,Information Technology,IT - Software,Software Products,7730.93,184927324
TARACHAND,Tara Chand InfraLogistic Solutions Limited,16-APR-2024,Services,Commercial Services & Supplies,Diversified Commercial Services,514.96,88450702
TARAPUR,Tarapur Transformers Limited,18-MAY-2010,Capital Goods,Electrical Equipment,Heavy Electrical Equipment,48.71,20355202
TARC,TARC Limited,18-DEC-2020,Realty,Realty,"Residential, Commercial Projects",4066.72,340624845
TARIL,Transformers And Rectifiers (India) Limited,28-DEC-2007,Capital Goods,Electrical Equipment,Heavy Electrical Equipment,10285.18,376608560
TARMAT,Tarmat Limited,09-JUL-2007,Construction,Construction,Civil Construction,134.67,24277988
TARSONS,Tarsons Products Limited,26-NOV-2021,Healthcare,Healthcare Equipment & Supplies,Medical Equipment & Supplies,1163.62,64065406
TASTYBITE,Tasty Bite Eatables Limited,23-MAR-2017,Fast Moving Consumer Goods,Food Products,Packaged Foods,1794.53,2662903
TATACAP,Tata Capital Limited,13-OCT-2025,Financial Services,Finance,Non Banking Financial Company (NBFC),141566.38,4588118153
TATACHEM,Tata Chemicals Limited,01-APR-1999,Chemicals,Chemicals & Petrochemicals,Commodity Chemicals,18401.31,282271964
TATACOMM,Tata Communications Limited,12-APR-1995,Telecommunic ation,Telecom - Services,Telecom - Cellular & Fixed line services,44878.95,323498511
TATACONSUM,TATA CONSUMER PRODUCTS LIMITED,18-NOV-1998,Fast Moving Consumer Goods,Agricultural Food & other Products,Tea & Coffee,114838.64,1102098273
TATAELXSI,Tata Elxsi Limited,17-SEP-2003,Information Technology,IT - Software,Computers - Software & Consulting,26094.21,61524087
TATAINVEST,Tata Investment Corporation Limited,24-JUN-1998,Financial Services,Finance,Investment Company,36097.21,618526585
TATAPOWER,Tata Power Company Limited,03-APR-1996,Power,Power,Integrated Power Utilities,144812.79,3761371169
TATASTEEL,Tata Steel Limited,18-NOV-1998,Metals & Mining,Ferrous Metals,Iron & Steel,266236.18,13713618051
TATATECH,Tata Technologies Limited,30-NOV-2023,Information Technology,IT - Services,IT Enabled Services,24070.75,444848477
TATVA,Tatva Chintan Pharma Chem Limited,29-JUL-2021,Chemicals,Chemicals & Petrochemicals,Specialty Chemicals,3103.66,27986114
TBOTEK,TBO Tek Limited,15-MAY-2024,Consumer Services,Leisure Services,"Tour, Travel Related Services",13775.45,126021867
TBZ,Tribhovandas Bhimji Zaveri Limited,09-MAY-2012,Consumer Durables,Consumer Durables,"Gems, Jewellery And Watches",998.82,77783659
TCI,Transport Corporation of India Limited,21-JAN-2002,Services,Transport Services,Logistics Solution Provider,7430.33,71452350
TCIEXP,TCI Express Limited,15-DEC-2016,Services,Transport Services,Logistics Solution Provider,2014.31,40668485
TCIFINANCE,TCI Finance Limited,21-MAY-1997,Financial Services,Finance,Non Banking Financial Company (NBFC),18.44,14250387
TCPLPACK,TCPL Packaging Limited,17-OCT-2017,Capital Goods,Industrial Products,Packaging,2423.79,10449172
TCS,Tata Consultancy Services Limited,25-AUG-2004,Information Technology,IT - Software,Computers - Software & Consulting,885563.1,3613510906
TDPOWERSYS,TD Power Systems Limited,08-SEP-2011,Capital Goods,Electrical Equipment,Heavy Electrical Equipment,17024.29,197177317
TEAMGTY,Team India Guaranty Limited,11-JUN-2002,Financial Services,Finance,Non Banking Financial Company (NBFC),235.54,9164981
TEAMLEASE,Teamlease Services Limited,12-FEB-2016,Services,Commercial Services & Supplies,Diversified Commercial Services,2096.11,17903228
TECHM,Tech Mahindra Limited,28-AUG-2006,Information Technology,IT - Software,Computers - Software & Consulting,136795.64,948981200
TECHNOE,Techno Electric & Engineering Company Limited,04-DEC-2018,Construction,Construction,Civil Construction,14891.58,141905657
TECILCHEM,TECIL Chemicals and Hydro Power Limited,06-DEC-1995,Chemicals,Chemicals & Petrochemicals,Commodity Chemicals,24.72,20668896
TEGA,Tega Industries Limited,13-DEC-2021,Capital Goods,Industrial Manufacturing,Industrial Products,12769.45,73944350
TEJASNET,Tejas Networks Limited,27-JUN-2017,Telecommunic ation,Telecom - Equipment & Accessories,Telecom - Equipment & Accessories,7357.62,175494812
TEMBO,Tembo Global Industries Limited,23-APR-2021,Capital Goods,Industrial Products,Iron & Steel Products,937.23,19068769
TENNIND,Tenneco Clean Air India Limited,19-NOV-2025,Automobile and Auto Components,Auto Components,Auto Components & Equipments,22817.77,429349317
TERASOFT,Tera Software Limited,29-DEC-2016,Information Technology,IT - Services,IT Enabled Services,441.36,13987007
TEXINFRA,Texmaco Infrastructure & Holdings Limited,09-SEP-2004,Services,Commercial Services & Supplies,Diversified Commercial Services,1234.25,126214336
TEXMOPIPES,Texmo Pipes and Products Limited,10-MAR-2010,Capital Goods,Industrial Products,Plastic Products - Industrial,136.95,36306998
TEXRAIL,Texmaco Rail & Engineering Limited,03-MAR-2011,Capital Goods,Industrial Manufacturing,Industrial Products,4359.55,486231298
TFCILTD,Tourism Finance Corporation of India Limited,26-JUL-2000,Financial Services,Finance,Financial Institution,3388.07,524063406
TFL,Transwarranty Finance Limited,26-FEB-2007,Financial Services,Finance,Non Banking Financial Company (NBFC),67.79,56210612
TGBHOTELS,TGB Banquets And Hotels Limited,17-MAY-2007,Consumer Services,Leisure Services,Hotels & Resorts,27.73,34108241
THANGAMAYL,Thangamayil Jewellery Limited,19-FEB-2010,Consumer Durables,Consumer Durables,"Gems, Jewellery And Watches",12266.52,34614030
THEINVEST,The Investment Trust Of India Limited,02-AUG-2017,Financial Services,Finance,Other Financial Services,571.58,59415802
THEJO,Thejo Engineering Limited,10-OCT-2023,Capital Goods,Industrial Manufacturing,Industrial Products,1898.69,12372540
THELEELA,Leela Palaces Hotels & Resorts Limited,02-JUN-2025,Consumer Services,Leisure Services,Hotels & Resorts,14256.66,342790580
THEMISMED,Themis Medicare Limited,02-APR-2007,Healthcare,Pharmaceuticals & Biotechnology,Pharmaceuticals,897.24,113259276
THERMAX,Thermax Limited,30-AUG-1995,Capital Goods,Electrical Equipment,Heavy Electrical Equipment,49524.93,150271356
THOMASCOOK,Thomas Cook  (India)  Limited,07-JUN-2000,Consumer Services,Leisure Services,"Tour, Travel Related Services",4666.18,487584133
THOMASCOTT,Thomas Scott (India) Limited,30-JAN-2012,Textiles,Textiles & Apparels,Garments & Apparels,392.15,15768627
THYROCARE,Thyrocare Technologies Limited,09-MAY-2016,Healthcare,Healthcare Services,Healthcare Service Provider,6564.77,179365301
TI,Tilaknagar Industries Limited,16-JUL-2010,Fast Moving Consumer Goods,Beverages,Breweries & Distilleries,11427.94,268892706
TICL,Twamev Construction and Infrastructure Limited,16-OCT-2023,Construction,Construction,Civil Construction,385.64,165795355
TIGERLOGS,Tiger Logistics (India) Limited,18-SEP-2025,Services,Transport Services,Logistics Solution Provider,337.05,130944057
TIIL,Technocraft Industries (India) Limited,12-FEB-2007,Capital Goods,Industrial Products,Iron & Steel Products,5697.67,25340999
TIINDIA,Tube Investments of India Limited,02-NOV-2017,Automobile and Auto Components,Auto Components,Auto Components & Equipments,57957.47,225752615
TIJARIA,Tijaria Polypipes Limited,14-OCT-2011,Capital Goods,Industrial Products,Plastic Products - Industrial,13.2,32673268
TIL,TIL Limited,27-SEP-1995,Capital Goods,"Agricultural, Commercial & Construction Vehicles",Construction Vehicles,1845.62,104443434
TIMETECHNO,Time Technoplast Limited,13-JUN-2007,Capital Goods,Industrial Products,Plastic Products - Industrial,9215.19,545923568
TIMKEN,Timken India Limited,06-FEB-2007,Capital Goods,Industrial Products,Abrasives & Bearings,26746.28,79892107
TINNARUBR,Tinna Rubber and Infrastructure Limited,17-APR-2025,Capital Goods,Industrial Products,Rubber,1290.92,21220022
TIPSFILMS,Tips Films Limited,06-OCT-2022,"Media, Entertainment & Publication",Entertainment,"Film Production, Distribution & Exhibition",168.74,5774812
TIPSMUSIC,Tips Music Limited,10-NOV-2000,"Media, Entertainment & Publication",Entertainment,Media & Entertainment,8702.14,164657332
TIRUMALCHM,Thirumalai Chemicals Limited,14-MAY-2003,Chemicals,Chemicals & Petrochemicals,Commodity Chemicals,2400.93,137921069
TIRUPATIFL,Tirupati Forge Limited,04-AUG-2020,Capital Goods,Industrial Products,Castings & Forgings,558.99,127944614
TITAGARH,TITAGARH RAIL SYSTEMS LIMITED,21-APR-2008,Capital Goods,Industrial Manufacturing,Railway Wagons,10751.01,174841593
TITAN,Titan Company Limited,24-SEP-2004,Consumer Durables,Consumer Durables,"Gems, Jewellery And Watches",394336.86,962454460
TMB,Tamilnad Mercantile Bank Limited,15-SEP-2022,Financial Services,Banks,Private Sector Bank,11041.85,177052025
TMCV,Tata Motors Limited,12-NOV-2025,Capital Goods,"Agricultural, Commercial & Construction Vehicles",Commercial Vehicles,154934.09,3992117690
TMPV,Tata Motors Passenger Vehicles Limited,22-JUL-1998,Automobile and Auto Components,Automobiles,Passenger Cars & Utility Vehicles,130487.11,4302245805
TNPETRO,Tamilnadu PetroProducts Limited,27-OCT-1999,Chemicals,Chemicals & Petrochemicals,Petrochemicals,811.17,97250925
TNPL,Tamil Nadu Newsprint & Papers Limited,14-FEB-1996,Forest Materials,"Paper, Forest & Jute Products",Paper & Paper Products,1022.52,78204207
TNTELE,Tamilnadu Telecommunication Limited,04-FEB-2003,Telecommunic ation,Telecom - Equipment & Accessories,Telecom - Equipment & Accessories,48.01,53403783
TOKYOPLAST,Tokyo Plast International Limited,11-OCT-1995,Consumer Durables,Consumer Durables,Plastic Products - Consumer,88.07,13243609
TOLINS,Tolins Tyres Limited,16-SEP-2024,Automobile and Auto Components,Auto Components,Tyres & Rubber Products,435.74,46095420
TORNTPHARM,Torrent Pharmaceuticals Limited,25-NOV-2002,Healthcare,Pharmaceuticals & Biotechnology,Pharmaceuticals,142817.21,358189235
TORNTPOWER,Torrent Power Limited,28-NOV-2006,Power,Power,Integrated Power Utilities,89316.9,670446654
TOTAL,Total Transport Systems Limited,28-AUG-2020,Services,Transport Services,Logistics Solution Provider,90.07,18381633
TOUCHWOOD,Touchwood Entertainment Limited,21-JAN-2020,Consumer Services,Other Consumer Services,Other Consumer Services,83.61,12533353
TPHQ,Teamo Productions HQ Limited,30-JAN-2009,Construction,Construction,Civil Construction,62.48,1301666696
TPLPLASTEH,TPL Plastech Limited,20-MAY-2015,Capital Goods,Industrial Products,Packaging,525.58,88066353
TRACXN,Tracxn Technologies Limited,20-OCT-2022,Services,Commercial Services & Supplies,Data Processing Services,354.31,120760054
TRANSRAILL,Transrail Lighting Limited,27-DEC-2024,Capital Goods,Electrical Equipment,Heavy Electrical Equipment,8033.21,164530671
TRANSWORLD,TRANSWORLD SHIPPING LINES LIMITED,01-MAR-1995,Services,Transport Services,Shipping,386.65,29128370
TRAVELFOOD,Travel Food Services Limited,14-JUL-2025,Consumer Services,Leisure Services,Restaurants,16901.06,132018908
TREEHOUSE,Tree House Education & Accessories Limited,26-AUG-2011,Consumer Services,Other Consumer Services,Education,34.27,44048842
TREJHARA,TREJHARA SOLUTIONS LIMITED,28-DEC-2018,Information Technology,IT - Software,Computers - Software & Consulting,391.49,26984422
TREL,Transindia Real Estate Limited,10-AUG-2023,Services,Transport Services,Logistics Solution Provider,660.43,264701395
TRENT,Trent Limited,07-JUN-2004,Consumer Services,Retailing,Speciality Retail,151466.1,426592958
TRF,TRF Limited,26-MAR-2010,Capital Goods,Industrial Manufacturing,Industrial Products,296.57,12529362
TRIDENT,Trident Limited,21-FEB-2001,Textiles,Textiles & Apparels,Other Textile Products,13336.12,5529071118
TRIGYN,Trigyn Technologies Limited,09-APR-1998,Information Technology,IT - Software,Computers - Software & Consulting,179.63,39143605
TRITURBINE,Triveni Turbine Limited,28-OCT-2011,Capital Goods,Electrical Equipment,Heavy Electrical Equipment,18437.91,400258553
TRIVENI,Triveni Engineering & Industries Limited,13-DEC-2005,Fast Moving Consumer Goods,Agricultural Food & other Products,Sugar,9108.34,234720791
TRU,TruCap Finance Limited,20-JUN-2023,Financial Services,Finance,Non Banking Financial Company (NBFC),78.45,153823532
TRUALT,TruAlt Bioenergy Limited,03-OCT-2025,Fast Moving Consumer Goods,Agricultural Food & other Products,Other Agricultural Products,4094.26,98847414
TSFINV,TSF INVESTMENTS LIMITED,26-MAR-2018,Financial Services,Finance,Investment Company,9170.67,259461584
TTKHLTCARE,TTK Healthcare Limited,02-DEC-2015,Diversified,Diversified,Diversified,1283.81,16269295
TTKPRESTIG,TTK Prestige Limited,22-DEC-1999,Consumer Durables,Consumer Durables,Household Appliances,7191.3,162130542
TTL,T T Limited,22-FEB-2007,Textiles,Textiles & Apparels,Other Textile Products,206.39,235068344
TTML,Tata Teleservices (Maharashtra) Limited,20-OCT-2000,Telecommunic ation,Telecom - Services,Telecom - Cellular & Fixed line services,8730.71,2401185328
TVSELECT,TVS Electronics Limited,26-DEC-2003,Information Technology,IT - Hardware,Computers Hardware & Equipments,878.34,23825851
TVSHLTD,TVS Holdings Limited,23-OCT-2012,Financial Services,Finance,Investment Company,29253.6,21048155
TVSMOTOR,TVS Motor Company Limited,02-AUG-2000,Automobile and Auto Components,Automobiles,2/3 Wheelers,168779.45,499408484
TVSSCS,TVS Supply Chain Solutions Limited,23-AUG-2023,Services,Transport Services,Logistics Solution Provider,5067.39,508569855
TVSSRICHAK,TVS Srichakra Limited,13-FEB-2007,Automobile and Auto Components,Auto Components,Tyres & Rubber Products,2958.68,8514432
TVTODAY,TV Today Network Limited,16-JAN-2004,"Media, Entertainment & Publication",Entertainment,TV Broadcasting & Software Production,678.79,66829773
TVVISION,TV Vision Limited,15-SEP-2016,"Media, Entertainment & Publication",Entertainment,TV Broadcasting & Software Production,20.73,40252426
UBL,United Breweries Limited,28-JUL-2008,Fast Moving Consumer Goods,Beverages,Breweries & Distilleries,39110.81,263354728
UCAL,UCAL LIMITED,13-SEP-1995,Automobile and Auto Components,Auto Components,Auto Components & Equipments,222.45,24771714
UCOBANK,UCO Bank,09-OCT-2003,Financial Services,Banks,Public Sector Bank,33292.53,14162534959
UDS,Updater Services Limited,04-OCT-2023,Services,Commercial Services & Supplies,Diversified Commercial Services,1084.58,78004894
UEL,Ujaas Energy Limited,16-APR-2024,Power,Power,Power Generation,2193.73,153967579
UFBL,United Foodbrands Limited,07-APR-2021,Consumer Services,Leisure Services,Restaurants,1201.95,56530431
UFLEX,UFLEX Limited,23-AUG-1995,Capital Goods,Industrial Products,Packaging,2863.19,77719600
UFO,UFO Moviez India Limited,14-MAY-2015,"Media, Entertainment & Publication",Entertainment,"Film Production, Distribution & Exhibition",276.87,43711714
UGARSUGAR,The Ugar Sugar Works Limited,23-AUG-2010,Fast Moving Consumer Goods,Agricultural Food & other Products,Sugar,472.05,118904280
UGROCAP,Ugro Capital Limited,11-AUG-2021,Financial Services,Finance,Non Banking Financial Company (NBFC),1668.11,186735695
UJJIVANSFB,Ujjivan Small Finance Bank Limited,12-DEC-2019,Financial Services,Banks,Other Bank,11181.29,2017555101
ULTRACEMCO,UltraTech Cement Limited,24-AUG-2004,Construction Materials,Cement & Cement Products,Cement & Cement Products,353909.68,333248286
UMAEXPORTS,Uma Exports Limited,07-APR-2022,Services,Commercial Services & Supplies,Trading & Distributors,91.32,43819577
UMESLTD,Usha Martin Education & Solutions Limited,12-JUL-2010,Consumer Services,Other Consumer Services,E-Learning,15.48,22899408
UMIYA-MRO,UMIYA BUILDCON LIMITED,01-NOV-2000,Telecommunic ation,Telecom - Equipment & Accessories,Telecom - Equipment & Accessories,163.64,22047965
UNICHEMLAB,Unichem Laboratories Limited,07-FEB-2001,Healthcare,Pharmaceuticals & Biotechnology,Pharmaceuticals,2652.89,88933628
UNIDT,United Drilling Tools Limited,25-SEP-2020,Capital Goods,Industrial Manufacturing,Industrial Products,430.18,27721357
UNIECOM,Unicommerce Esolutions Limited,13-AUG-2024,Information Technology,IT - Software,Software Products,1219.2,138184286
UNIENTER,Uniphos Enterprises Limited,23-JAN-2004,Chemicals,Chemicals & Petrochemicals,Trading - Chemicals,752.18,79085269
UNIINFO,Uniinfo Telecom Services Limited,12-JAN-2022,Telecommunic ation,Telecom - Services,Other Telecom Services,15.23,14049815
UNIMECH,Unimech Aerospace and Manufacturing Limited,31-DEC-2024,Capital Goods,Aerospace & Defense,Aerospace & Defense,5207.49,71130859
UNIONBANK,Union Bank of India,24-SEP-2002,Financial Services,Banks,Public Sector Bank,134427.79,7816023356
UNIPARTS,Uniparts India Limited,12-DEC-2022,Automobile and Auto Components,Auto Components,Auto Components & Equipments,2315.84,49367725
UNITDSPR,United Spirits Limited,27-SEP-2001,Fast Moving Consumer Goods,Beverages,Breweries & Distilleries,101218.14,828841664
UNITECH,Unitech Limited,08-SEP-1999,Realty,Realty,"Residential, Commercial Projects",1258.44,2933426600
UNITEDPOLY,United Polyfab Gujarat Limited,31-DEC-2021,Textiles,Textiles & Apparels,Other Textile Products,703.92,285797817
UNITEDTEA,The United Nilgiri Tea Estates Company Limited,28-JAN-2015,Fast Moving Consumer Goods,Agricultural Food & other Products,Tea & Coffee,269.76,5256430
UNIVAFOODS,Univa Foods Limited,03-APR-1996,Consumer Services,Leisure Services,Hotels & Resorts,11.16,12358804
UNIVASTU,Univastu India Limited,22-JUN-2020,Construction,Construction,Civil Construction,249.17,40574825
UNIVCABLES,Universal Cables Limited,17-MAY-1995,Capital Goods,Industrial Products,Cables - Electricals,2979.81,44405187
UNIVPHOTO,Universus Photo Imagings Limited,14-FEB-2020,Consumer Durables,Consumer Durables,Consumer Electronics,466.33,11807317
UNOMINDA,UNO Minda Limited,02-FEB-2007,Automobile and Auto Components,Auto Components,Auto Components & Equipments,65300.63,636830783
UPL,UPL Limited,23-JAN-2004,Chemicals,Fertilizers & Agrochemicals,Pesticides & Agrochemicals,53967.72,910079595
URAVIDEF,Uravi Defence and Technology Limited,05-JUL-2023,Automobile and Auto Components,Auto Components,Auto Components & Equipments,165.53,12451482
URBANCO,Urban Company Limited,17-SEP-2025,Consumer Services,Retailing,E-Retail/ E- Commerce,22207.4,1823267606
URJA,Urja Global Limited,28-MAR-2017,Capital Goods,Electrical Equipment,Other Electrical Equipment,573.27,623797635
USHAMART,Usha Martin Limited,11-OCT-2000,Capital Goods,Industrial Products,Iron & Steel Products,14028.79,345920119
USK,Udayshivakumar Infra Limited,03-APR-2023,Construction,Construction,Civil Construction,132.91,66455000
UTIAMC,UTI Asset Management Company Limited,12-OCT-2020,Financial Services,Capital Markets,Asset Management Company,12530.15,133136585
UTKARSHBNK,Utkarsh Small Finance Bank Limited,21-JUL-2023,Financial Services,Banks,Other Bank,2539.38,2166706435
UTLSOLAR,Fujiyama Power Systems Limited,20-NOV-2025,Capital Goods,Electrical Equipment,Other Electrical Equipment,9284.56,458950067
UTTAMSUGAR,Uttam Sugar Mills Limited,10-APR-2006,Fast Moving Consumer Goods,Agricultural Food & other Products,Sugar,993.15,40101348
UYFINCORP,U. Y. Fincorp Limited,03-OCT-2024,Financial Services,Finance,Non Banking Financial Company (NBFC),275.27,212399691
V2RETAIL,V2 Retail Limited,04-JUL-2007,Consumer Services,Retailing,Speciality Retail,7502.42,391342118
VADILALIND,Vadilal Industries Limited,15-JUN-2011,Fast Moving Consumer Goods,Food Products,Dairy Products,3374.91,7856119
VAIBHAVGBL,Vaibhav Global Limited,05-APR-2004,Consumer Durables,Consumer Durables,"Gems, Jewellery And Watches",3686.68,195777178
VAISHALI,Vaishali Pharma Limited,15-JAN-2020,Healthcare,Pharmaceuticals & Biotechnology,Pharmaceuticals,105.94,177157190
VAKRANGEE,Vakrangee Limited,03-APR-2006,Information Technology,IT - Services,IT Enabled Services,760.4,1256859465
VALIANTLAB,Valiant Laboratories Limited,06-OCT-2023,Healthcare,Pharmaceuticals & Biotechnology,Pharmaceuticals,412.18,72072042
VALIANTORG,Valiant Organics Limited,23-JUL-2021,Chemicals,Chemicals & Petrochemicals,Specialty Chemicals,764.15,32887884
VARDHACRLC,Vardhman Acrylics Limited,30-SEP-2003,Textiles,Textiles & Apparels,Other Textile Products,286.98,90103610
VARDMNPOLY,Vardhman Polytex Limited,12-MAY-2003,Textiles,Textiles & Apparels,Other Textile Products,340.05,493541374
VARROC,Varroc Engineering Limited,06-JUL-2018,Automobile and Auto Components,Auto Components,Auto Components & Equipments,7965.52,162561633
VASCONEQ,Vascon Engineers Limited,15-FEB-2010,Realty,Realty,"Residential, Commercial Projects",890.18,265963540
VASWANI,Vaswani Industries Limited,20-SEP-2011,Metals & Mining,Ferrous Metals,Sponge Iron,189.7,36188479
VBL,Varun Beverages Limited,08-NOV-2016,Fast Moving Consumer Goods,Beverages,Other Beverages,175479.97,4356384046
VCL,Vaxtex Cotfab Limited,19-APR-2022,Textiles,Textiles & Apparels,Garments & Apparels,25.91,193358204
VEDL,Vedanta Limited,13-MAY-1998,Metals & Mining,Diversified Metals,Diversified Metals,290346.31,4222297676
VEEDOL,Veedol Corporation Limited,16-JAN-2007,"Oil, Gas & Consumable Fuels",Petroleum Products,Lubricants,2465.32,18962542
VENKEYS,Venky's (India) Limited,28-JUL-2003,Fast Moving Consumer Goods,Food Products,Meat Products including Poultry,2248.9,18385383
VENTIVE,Ventive Hospitality Limited,30-DEC-2024,Consumer Services,Leisure Services,Hotels & Resorts,14319.6,249361776
VENUSPIPES,Venus Pipes & Tubes Limited,24-MAY-2022,Capital Goods,Industrial Products,Iron & Steel Products,2965.3,30109154
VENUSREM,Venus Remedies Limited,20-DEC-2006,Healthcare,Pharmaceuticals & Biotechnology,Pharmaceuticals,1252.89,13973790
VERANDA,Veranda Learning Solutions Limited,11-APR-2022,Consumer Services,Other Consumer Services,E-Learning,1539.68,107572134
VERTOZ,Vertoz Limited,14-MAY-2020,"Media, Entertainment & Publication",Media,Advertising & Media Agencies,438.34,132749847
VESUVIUS,Vesuvius India Limited,04-OCT-2002,Capital Goods,Industrial Products,Electrodes & Refractories,10671.68,233430785
VETO,Veto Switchgears And Cables Limited,29-APR-2015,Consumer Durables,Consumer Durables,Consumer Electronics,204.15,21292241
VGL,VARVEE GLOBAL LIMITED,21-NOV-2006,Textiles,Textiles & Apparels,Other Textile Products,329.22,64883719
VGUARD,V-Guard Industries Limited,13-MAR-2008,Consumer Durables,Consumer Durables,Household Appliances,14578.33,451761061
VHL,Vardhman Holdings Limited,30-JUN-2005,Financial Services,Finance,Investment Company,1071.33,3341432
VHLTD,Viceroy Hotels Limited,03-APR-2024,Consumer Services,Leisure Services,Hotels & Resorts,941.24,67588686
VIDHIING,Vidhi Specialty Food Ingredients Limited,02-MAR-2016,Chemicals,Chemicals & Petrochemicals,Specialty Chemicals,1527.57,48463513
VIDYAWIRES,Vidya Wires Limited,10-DEC-2025,Capital Goods,Industrial Products,"Aluminium, Copper & Zinc Products",1861.06,355639200
VIJAYA,Vijaya Diagnostic Centre Limited,14-SEP-2021,Healthcare,Healthcare Services,Healthcare Service Provider,11442.63,127558443
VIJIFIN,Viji Finance Limited,11-JUL-2016,Financial Services,Finance,Non Banking Financial Company (NBFC),55.72,184503312
VIKASECO,Vikas EcoTech Limited,12-DEC-2011,Chemicals,Chemicals & Petrochemicals,Specialty Chemicals,247.62,2080840236
VIKASLIFE,Vikas Lifecare Limited,08-MAY-2019,Services,Commercial Services & Supplies,Trading & Distributors,295.37,2307578177
VIKRAMSOLR,Vikram Solar Limited,26-AUG-2025,Capital Goods,Electrical Equipment,Other Electrical Equipment,8188.3,441417790
VIKRAN,Vikran Engineering Limited,03-SEP-2025,Construction,Construction,Civil Construction,1894.36,341942229
VIMTALABS,Vimta Labs Limited,15-DEC-2005,Healthcare,Healthcare Services,"Healthcare Research, Analytics & Technology",2064.62,50485877
VINATIORGA,Vinati Organics Limited,28-JUL-2009,Chemicals,Chemicals & Petrochemicals,Specialty Chemicals,13409.15,102438121
VINCOFE,Vintage Coffee And Beverages Limited,18-OCT-2024,Services,Commercial Services & Supplies,Trading & Distributors,1930.81,145239203
VINDHYATEL,Vindhya Telelinks Limited,08-FEB-1995,Telecommunic ation,Telecom - Services,Telecom - Infrastructure,1574.75,14420127
VINEETLAB,Vineet Laboratories Limited,15-JUN-2021,Healthcare,Pharmaceuticals & Biotechnology,Pharmaceuticals,73.12,24778041
VINNY,Vinny Overseas Limited,28-NOV-2022,Textiles,Textiles & Apparels,Garments & Apparels,54.43,533627461
VINYLINDIA,Vinyl Chemicals (India) Limited,21-JUL-2008,Chemicals,Chemicals & Petrochemicals,Trading - Chemicals,472.99,24912567
VIPCLOTHNG,VIP Clothing Limited,06-AUG-2007,Textiles,Textiles & Apparels,Garments & Apparels,205.86,102062469
VIPIND,VIP Industries Limited,02-MAR-2005,Consumer Durables,Consumer Durables,Plastic Products - Consumer,4261.56,134625183
VIPULLTD,Vipul Limited,23-APR-2015,Realty,Realty,"Residential, Commercial Projects",150.12,147901483
VIRINCHI,Virinchi Limited,03-MAY-2023,Information Technology,IT - Software,Software Products,197.58,125368018
VISAKAIND,Visaka Industries Limited,28-AUG-1996,Construction Materials,Cement & Cement Products,Cement & Cement Products,568.46,98485791
VISASTEEL,Visa Steel Limited,17-MAR-2006,Metals & Mining,Ferrous Metals,Ferro & Silica Manganese,609.55,203251085
VISHNU,Vishnu Chemicals Limited,05-MAR-2015,Chemicals,Chemicals & Petrochemicals,Specialty Chemicals,3974.63,78371883
VISHWARAJ,Vishwaraj Sugar Industries Limited,15-OCT-2019,Fast Moving Consumer Goods,Agricultural Food & other Products,Sugar,128.95,275534198
VIVIDHA,Visagar Polytex Limited,21-MAY-2013,Textiles,Textiles & Apparels,Garments & Apparels,17.56,373617022
VIVIMEDLAB,Vivimed Labs Limited,17-AUG-2005,Healthcare,Pharmaceuticals & Biotechnology,Pharmaceuticals,57.04,98514681
VIYASH,Viyash Scientific Limited,10-MAR-2016,Healthcare,Pharmaceuticals & Biotechnology,Pharmaceuticals,9122.67,475733743
VLEGOV,VL E-Governance & IT Solutions Limited,14-AUG-2023,Information Technology,IT - Services,IT Enabled Services,167.12,160537947
VLSFINANCE,VLS Finance Limited,25-MAY-1995,Financial Services,Finance,Investment Company,748.48,33756371
VMART,V-Mart Retail Limited,20-FEB-2013,Consumer Services,Retailing,Diversified Retail,5067.06,92990636
VMM,Vishal Mega Mart Limited,18-DEC-2024,Consumer Services,Retailing,Diversified Retail,58747.15,5445601733
VMSTMT,VMS TMT Limited,24-SEP-2025,Capital Goods,Industrial Products,Iron & Steel Products,232.77,60838999
VOLTAMP,Voltamp Transformers Limited,20-SEP-2006,Capital Goods,Electrical Equipment,Heavy Electrical Equipment,11335.22,12360526
VOLTAS,Voltas Limited,12-APR-1995,Consumer Durables,Consumer Durables,Household Appliances,50129.04,405771726
VPRPL,Vishnu Prakash R Punglia Limited,05-SEP-2023,Construction,Construction,Civil Construction,529.99,153753984
VRAJ,Vraj Iron and Steel Limited,03-JUL-2024,Metals & Mining,Ferrous Metals,Sponge Iron,422.94,40663397
VRLLOG,VRL Logistics Limited,30-APR-2015,Services,Transport Services,Logistics Solution Provider,4457.39,192752000
VSSL,Vardhman Special Steels Limited,17-MAY-2012,Capital Goods,Industrial Products,Iron & Steel Products,2639.23,116780088
VSTIND,VST Industries Limited,05-SEP-2003,Fast Moving Consumer Goods,Cigarettes & Tobacco Products,Cigarettes & Tobacco Products,4397.7,203644365
VSTL,Vibhor Steel Tubes Limited,20-FEB-2024,Capital Goods,Industrial Products,Iron & Steel Products,246.3,22673295
VSTTILLERS,V.S.T Tillers Tractors Limited,20-JUN-2011,Capital Goods,"Agricultural, Commercial & Construction Vehicles",Tractors,4508.08,9045104
VTL,Vardhman Textiles Limited,14-JAN-2003,Textiles,Textiles & Apparels,Other Textile Products,17287.48,322166992
WAAREEENER,Waaree Energies Limited,28-OCT-2024,Capital Goods,Electrical Equipment,Other Electrical Equipment,96601.95,314592606
WAAREEINDO,Indosolar Limited,29-SEP-2010,Capital Goods,Electrical Equipment,Heavy Electrical Equipment,1928.33,50374349
WAAREERTL,Waaree Renewable Technologies Limited,09-APR-2025,Capital Goods,Electrical Equipment,Other Electrical Equipment,11013.18,128914669
WABAG,VA Tech Wabag Limited,13-OCT-2010,Utilities,Other Utilities,Water Supply & Management,9346.44,75398840
WAKEFIT,Wakefit Innovations Limited,15-DEC-2025,Consumer Durables,Consumer Durables,"Furniture, Home Furnishing",4792.77,325485229
WALCHANNAG,Walchandnagar Industries Limited,18-SEP-1996,Capital Goods,Industrial Manufacturing,Industrial Products,1489.34,103491068
WANBURY,Wanbury Limited,29-JAN-2007,Healthcare,Pharmaceuticals & Biotechnology,Pharmaceuticals,905.7,39311602
WCIL,Western Carriers (India) Limited,24-SEP-2024,Services,Transport Services,Logistics Solution Provider,1052.59,126300701
WEALTH,Wealth First Portfolio Managers Limited,20-JAN-2021,Financial Services,Finance,Other Financial Services,987.67,11995749
WEBELSOLAR,Websol Energy System Limited,15-MAY-2007,Capital Goods,Electrical Equipment,Other Electrical Equipment,5053.23,661764007
WEIZMANIND,Weizmann Limited,10-MAY-1995,Textiles,Textiles & Apparels,Other Textile Products,129.22,18131052
WEL,Wonder Electricals Limited,17-JAN-2022,Consumer Durables,Consumer Durables,Household Appliances,1423.16,177208323
WELCORP,Welspun Corp Limited,24-MAY-2005,Capital Goods,Industrial Products,Iron & Steel Products,31983.3,377673743
WELENT,Welspun Enterprises Limited,04-NOV-2004,Construction,Construction,Civil Construction,7243.89,165121719
WELINV,Welspun Investments and Commercials Limited,20-SEP-2010,Financial Services,Finance,Investment Company,544.07,4180652
WELSPUNLIV,Welspun Living Limited,04-DEC-2003,Textiles,Textiles & Apparels,Other Textile Products,12731.79,1097852019
WENDT,Wendt (India) Limited,07-AUG-2006,Capital Goods,Industrial Products,Abrasives & Bearings,1397.1,2148393
WESTLIFE,WESTLIFE FOODWORLD LIMITED,05-JUN-2023,Consumer Services,Leisure Services,Restaurants,7318.08,159105986
WEWIN,WE WIN LIMITED,15-JUN-2022,Services,Commercial Services & Supplies,Business Process Outsourcing (BPO)/ Knowledge Process Outsourcing (KPO),57.29,14110838
WEWORK,WeWork India Management Limited,10-OCT-2025,Services,Commercial Services & Supplies,Diversified Commercial Services,7673.23,170213625
WHEELS,Wheels India Limited,07-APR-2000,Automobile and Auto Components,Auto Components,Auto Components & Equipments,2572.8,26405296
WHIRLPOOL,Whirlpool of India Limited,06-APR-2010,Consumer Durables,Consumer Durables,Household Appliances,12632.63,155115786
WILLAMAGOR,Williamson Magor & Company Limited,08-FEB-1995,Financial Services,Finance,Investment Company,28.93,11750609
WINDLAS,Windlas Biotech Limited,16-AUG-2021,Healthcare,Pharmaceuticals & Biotechnology,Pharmaceuticals,1831.07,23951210
WINDMACHIN,Windsor Machines Limited,17-AUG-2011,Capital Goods,Industrial Manufacturing,Industrial Products,2469.56,109821677
WINSOME,Winsome Yarns Limited,25-AUG-2011,Textiles,Textiles & Apparels,Other Textile Products,12.66,78633540
WIPL,The Western India Plywoods Limited,17-APR-2017,Consumer Durables,Consumer Durables,Plywood Boards/ Laminates,134.19,8942423
WIPRO,Wipro Limited,08-NOV-1995,Information Technology,IT - Software,Computers - Software & Consulting,215067.0,11034169409
WOCKPHARMA,Wockhardt Limited,23-FEB-2000,Healthcare,Pharmaceuticals & Biotechnology,Pharmaceuticals,23358.25,183706252
WONDERLA,Wonderla Holidays Limited,09-MAY-2014,Consumer Services,Leisure Services,Amusement Parks/ Other Recreation,3354.11,63398735
WORTHPERI,Worth Peripherals Limited,04-AUG-2020,Capital Goods,Industrial Products,Packaging,216.4,17306462
WSI,W S Industries (I) Limited,01-AUG-2007,Construction,Construction,Civil Construction,550.23,76209144
WSTCSTPAPR,West Coast Paper Mills Limited,17-JAN-2001,Forest Materials,"Paper, Forest & Jute Products",Paper & Paper Products,3237.44,74949413
XCHANGING,Xchanging Solutions Limited,09-MAR-2005,Information Technology,IT - Software,Computers - Software & Consulting,747.3,136717893
XELPMOC,Xelpmoc Design And Tech Limited,04-FEB-2019,Information Technology,IT - Software,Software Products,153.13,16435548
XPROINDIA,Xpro India Limited,27-APR-2004,Capital Goods,Industrial Products,Packaging,2407.36,23255024
XTGLOBAL,Xtglobal Infotech Limited,16-SEP-2024,Information Technology,IT - Software,Computers - Software & Consulting,427.99,148093428
YASHO,Yasho Industries Limited,21-AUG-2023,Chemicals,Chemicals & Petrochemicals,Specialty Chemicals,1799.64,12866519
YATHARTH,Yatharth Hospital & Trauma Care Services Limited,07-AUG-2023,Healthcare,Healthcare Services,Hospital,7232.36,107696525
YATRA,Yatra Online Limited,28-SEP-2023,Consumer Services,Leisure Services,"Tour, Travel Related Services",1803.59,181831833
YESBANK,Yes Bank Limited,12-JUL-2005,Financial Services,Banks,Private Sector Bank,62572.6,35015443235
YUKEN,Yuken India Limited,02-SEP-2021,Capital Goods,Industrial Products,"Compressors, Pumps & Diesel Engines",979.0,15350843
ZAGGLE,Zaggle Prepaid Ocean Services Limited,22-SEP-2023,Information Technology,IT - Services,IT Enabled Services,3502.24,149082242
ZEEL,Zee Entertainment Enterprises Limited,09-SEP-1998,"Media, Entertainment & Publication",Entertainment,TV Broadcasting & Software Production,8782.03,1184679661
ZEELEARN,Zee Learn Limited,20-DEC-2010,Consumer Services,Other Consumer Services,Education,166.8,354893631
ZEEMEDIA,Zee Media Corporation Limited,10-JAN-2007,"Media, Entertainment & Publication",Entertainment,TV Broadcasting & Software Production,534.12,742865084
ZENITHEXPO,Zenith Exports Limited,10-JUL-1996,Consumer Durables,Consumer Durables,Leather And Leather Products,120.03,6405016
ZENITHSTL,Zenith Steel Pipes & Industries Limited,30-APR-2007,Capital Goods,Industrial Products,Iron & Steel Products,92.62,197063838
ZENSARTECH,Zensar Technologies Limited,09-JUL-2003,Information Technology,IT - Software,Computers - Software & Consulting,12468.87,229333635
ZENTEC,Zen Technologies Limited,30-MAR-2015,Capital Goods,Aerospace & Defense,Aerospace & Defense,15527.23,113569562
ZFCVINDIA,ZF Commercial Vehicle Control Systems India Limited,01-OCT-2008,Automobile and Auto Components,Auto Components,Auto Components & Equipments,28227.65,20200122
ZIMLAB,Zim Laboratories Limited,25-NOV-2022,Healthcare,Pharmaceuticals & Biotechnology,Pharmaceuticals,461.22,68359270
ZODIAC,Zodiac Energy Limited,14-DEC-2021,Construction,Construction,Civil Construction,534.35,21851231
ZODIACLOTH,Zodiac Clothing Company Limited,27-SEP-1995,Textiles,Textiles & Apparels,Garments & Apparels,214.8,33286844
ZOTA,Zota Health Care LImited,19-AUG-2019,Healthcare,Pharmaceuticals & Biotechnology,Pharmaceuticals,4562.15,41081945
ZUARI,Zuari Agro Chemicals Limited,27-NOV-2012,Chemicals,Fertilizers & Agrochemicals,Fertilizers,1047.03,52039265
ZUARIIND,ZUARI INDUSTRIES LIMITED,12-APR-1995,Fast Moving Consumer Goods,Agricultural Food & other Products,Sugar,807.04,34668157
ZYDUSLIFE,Zydus Lifesciences Limited,18-APR-2000,Healthcare,Pharmaceuticals & Biotechnology,Pharmaceuticals,94550.78,1094021174
ZYDUSWELL,Zydus Wellness Limited,13-NOV-2009,Fast Moving Consumer Goods,Food Products,Packaged Foods,15677.37,353851042
